cross validation loss,training loss,iteration,train_time,params
,,,,
0.121441643225292,0.095627841135777,1,0.219035148620605,"{'alpha': 0.2560718006953827, 'coef0': 5.14632738137638, 'degree': 0, 'kernel': 'linear'}"
,,,,
0.303576201534102,3.58180156525422E-05,2,0.439054250717163,"{'alpha': 0.5069073502364978, 'coef0': 1.6794567411635242, 'degree': 7, 'kernel': 'polynomial'}"
,,,,
0.355375404598509,6.80114153757431E-05,3,0.437072277069092,"{'alpha': 0.8565283839337468, 'coef0': 1.170439744451528, 'degree': 7, 'kernel': 'poly'}"
,,,,
0.396028192323089,0.395974152764235,4,0.359062910079956,"{'alpha': 0.6188581986820655, 'coef0': 9.548043153384418, 'degree': 6, 'kernel': 'sigmoid'}"
,,,,
0.396111193026405,0.396012333741387,5,0.360035419464111,"{'alpha': 0.9095261014675786, 'coef0': 9.5826492368073, 'degree': 4, 'kernel': 'sigmoid'}"
,,,,
0.395978413348794,0.395950794186805,6,0.375068664550781,"{'alpha': 0.3337309305915198, 'coef0': 7.4658127393534714, 'degree': 0, 'kernel': 'sigmoid'}"
,,,,
0.396054744344799,0.395987108474134,7,0.371103048324585,"{'alpha': 0.7226433290073893, 'coef0': 2.553156781838063, 'degree': 4, 'kernel': 'sigmoid'}"
,,,,
0.184288102777372,0.138213309120793,8,1.50414967536926,"{'alpha': 0.7252621621058769, 'coef0': 3.9065480879712835, 'degree': 9, 'kernel': 'laplacian'}"
,,,,
0.154763245411119,0.022237367642041,9,0.443111419677734,"{'alpha': 0.128706884267058, 'coef0': 7.867449065906017, 'degree': 3, 'kernel': 'poly'}"
,,,,
0.868674497802879,0.277310596393206,10,0.332999467849731,"{'alpha': 0.22602032144593065, 'coef0': 1.4668646196181168, 'degree': 8, 'kernel': 'rbf'}"
,,,,
0.189128078947344,0.142934799141564,11,1.52558612823486,"{'alpha': 0.8015553732044197, 'coef0': 5.068597483600828, 'degree': 6, 'kernel': 'laplacian'}"
,,,,
0.164452203646788,0.148441591895521,12,0.243054389953613,"{'alpha': 0.09037018170642841, 'coef0': 9.861026087892014, 'degree': 5, 'kernel': 'cosine'}"
,,,,
0.137359249622874,0.120113005944588,13,0.237053155899048,"{'alpha': 0.010860576807527056, 'coef0': 4.856134500322221, 'degree': 5, 'kernel': 'cosine'}"
,,,,
0.162139670936749,0.009701791394962,14,0.485109329223633,"{'alpha': 0.695525066873868, 'coef0': 3.657062623869425, 'degree': 4, 'kernel': 'poly'}"
,,,,
0.149371869206815,0.100177845128653,15,1.51765942573547,"{'alpha': 0.2558277400200496, 'coef0': 3.968386708439576, 'degree': 3, 'kernel': 'laplacian'}"
,,,,
0.185241151109508,0.167970792367373,16,0.231051683425903,"{'alpha': 0.21980175987033224, 'coef0': 1.9354642694733126, 'degree': 0, 'kernel': 'cosine'}"
,,,,
0.17550601748083,0.000115563734718,17,0.462104797363281,"{'alpha': 0.6003054858270273, 'coef0': 7.556341900295774, 'degree': 6, 'kernel': 'polynomial'}"
,,,,
0.176564860784442,5.44247076346394E-06,18,0.466104745864868,"{'alpha': 0.8727889012068026, 'coef0': 9.419234337039663, 'degree': 7, 'kernel': 'poly'}"
,,,,
0.967676929834248,0.440478170253853,19,0.325073003768921,"{'alpha': 0.5004095676908785, 'coef0': 3.454181817974582, 'degree': 8, 'kernel': 'rbf'}"
,,,,
0.161120073533074,0.012781363984274,20,0.443099737167358,"{'alpha': 0.9337307431316497, 'coef0': 2.4090666495804056, 'degree': 4, 'kernel': 'poly'}"
,,,,
0.125854839390705,0.095337551550009,21,0.214047908782959,"{'alpha': 0.01847023231387954, 'coef0': 6.23383257184102, 'degree': 1, 'kernel': 'linear'}"
,,,,
0.12084399113639,0.095674845725509,22,0.21404767036438,"{'alpha': 0.3383424961956758, 'coef0': 6.21655172595056, 'degree': 1, 'kernel': 'linear'}"
,,,,
0.120451949499394,0.095710302889487,23,0.213048934936523,"{'alpha': 0.4013827005250396, 'coef0': 6.3187120534940915, 'degree': 1, 'kernel': 'linear'}"
,,,,
0.125500828946313,0.090896871873008,24,5.14518022537231,"{'alpha': 0.3835228188317626, 'coef0': 6.73479410678667, 'degree': 2, 'kernel': 'additive_chi2'}"
,,,,
0.12047974967168,0.095707651953,25,0.216048717498779,"{'alpha': 0.3966505759906307, 'coef0': 8.312034023805243, 'degree': 1, 'kernel': 'linear'}"
,,,,
0.120213874333227,0.09573393031776,26,0.223050355911255,"{'alpha': 0.4436686243754342, 'coef0': 8.479337410817598, 'degree': 1, 'kernel': 'linear'}"
,,,,
0.120207681164165,0.095734567845255,27,0.215047121047974,"{'alpha': 0.4448121262964285, 'coef0': 8.319325308380286, 'degree': 2, 'kernel': 'linear'}"
,,,,
0.124440435424106,0.091470910005007,28,5.20817303657532,"{'alpha': 0.5850526415543112, 'coef0': 8.60980560943234, 'degree': 2, 'kernel': 'additive_chi2'}"
,,,,
0.120167009585637,0.095738784505469,29,0.211046934127808,"{'alpha': 0.4523784546269224, 'coef0': 0.09342922442146406, 'degree': 2, 'kernel': 'linear'}"
,,,,
0.119731888795954,0.095787356655321,30,0.215048313140869,"{'alpha': 0.5398938097411027, 'coef0': 0.38390859756389784, 'degree': 2, 'kernel': 'linear'}"
,,,,
0.119628975059306,0.095799843506373,31,0.222049474716186,"{'alpha': 0.5624914810110908, 'coef0': 0.0073506433387868775, 'degree': 3, 'kernel': 'linear'}"
,,,,
0.119744530972539,0.095785850580481,32,0.22304892539978,"{'alpha': 0.5371708984875384, 'coef0': 0.012728840431059223, 'degree': 3, 'kernel': 'linear'}"
,,,,
0.144376152967102,0.054014836396722,33,0.450100660324097,"{'alpha': 0.988714724940155, 'coef0': 0.2361266452854562, 'degree': 3, 'kernel': 'polynomial'}"
,,,,
1.01097935893,0.507168946396538,34,0.321072101593018,"{'alpha': 0.6481620756458478, 'coef0': 0.8323601532027771, 'degree': 0, 'kernel': 'rbf'}"
,,,,
0.123653176602334,0.091912674071264,35,5.21217322349548,"{'alpha': 0.7882443164484505, 'coef0': 2.844949105229183, 'degree': 5, 'kernel': 'additive_chi2'}"
,,,,
0.119703129952725,0.095790805188542,36,0.217049598693848,"{'alpha': 0.546130755363557, 'coef0': 0.8391125447428498, 'degree': 3, 'kernel': 'linear'}"
,,,,
0.174649275082202,0.011827920860567,37,0.472107648849487,"{'alpha': 0.642712082238067, 'coef0': 0.9603461546835748, 'degree': 4, 'kernel': 'polynomial'}"
,,,,
0.396069668144574,0.395995166818551,38,0.402090549468994,"{'alpha': 0.7720991730795957, 'coef0': 2.0176647590090515, 'degree': 3, 'kernel': 'sigmoid'}"
,,,,
0.121030121187897,0.095659364465385,39,0.239053964614868,"{'alpha': 0.31103364419417456, 'coef0': 3.094033219281499, 'degree': 6, 'kernel': 'linear'}"
,,,,
0.181360594087839,0.135319755907915,40,1.53034543991089,"{'alpha': 0.6804228419908238, 'coef0': 4.492465417012628, 'degree': 10, 'kernel': 'laplacian'}"
,,,,
0.396092055803455,0.39600840072073,41,0.369082450866699,"{'alpha': 0.8372188192852172, 'coef0': 1.5040845218263743, 'degree': 4, 'kernel': 'sigmoid'}"
,,,,
0.122079572922804,0.095585044514033,42,0.211047172546387,"{'alpha': 0.18413035474048295, 'coef0': 0.7112608850461165, 'degree': 7, 'kernel': 'linear'}"
,,,,
0.991228155541442,0.477082002911384,43,0.332075119018555,"{'alpha': 0.5786498522025131, 'coef0': 2.3305342189745386, 'degree': 3, 'kernel': 'rbf'}"
,,,,
0.231738903153316,0.209817866071719,44,0.237052917480469,"{'alpha': 0.7566695766825943, 'coef0': 5.446401179132259, 'degree': 5, 'kernel': 'cosine'}"
,,,,
0.171282349375102,0.125086919620571,45,1.53734540939331,"{'alpha': 0.5336584419074384, 'coef0': 1.4061921904589179, 'degree': 5, 'kernel': 'laplacian'}"
,,,,
0.126067339647126,0.090590878815299,46,5.0611526966095,"{'alpha': 0.3023997143094514, 'coef0': 0.5259052686240513, 'degree': 4, 'kernel': 'additive_chi2'}"
,,,,
0.396052815640161,0.395985532194495,47,0.227051973342895,"{'alpha': 0.7178839141502069, 'coef0': 4.3923320115125595, 'degree': 0, 'kernel': 'polynomial'}"
,,,,
0.120085703396265,0.095747372210131,48,0.209045648574829,"{'alpha': 0.46780440764719305, 'coef0': 1.8966036294049016, 'degree': 8, 'kernel': 'linear'}"
,,,,
0.173605258992873,0.157344431535641,49,0.219049215316772,"{'alpha': 0.1401874871372608, 'coef0': 3.1287870799173376, 'degree': 6, 'kernel': 'cosine'}"
,,,,
0.16006273660201,0.011668842661994,50,0.442099809646606,"{'alpha': 0.9894598264088715, 'coef0': 3.99718902205281, 'degree': 4, 'kernel': 'poly'}"
,,,,
0.396198235644673,0.396137412814438,51,0.410091876983643,"{'alpha': 0.9301825179665193, 'coef0': 0.01684026411839057, 'degree': 2, 'kernel': 'sigmoid'}"
,,,,
1.0171493625501,0.51645627443422,52,0.307069778442383,"{'alpha': 0.6706095398402229, 'coef0': 5.350127789395838, 'degree': 9, 'kernel': 'rbf'}"
,,,,
0.118635251599975,0.095944837231665,53,0.209046840667725,"{'alpha': 0.8277905421379244, 'coef0': 2.6447977285244235, 'degree': 3, 'kernel': 'linear'}"
,,,,
0.190748343201371,0.144499796083757,54,1.51233983039856,"{'alpha': 0.8276956142075571, 'coef0': 1.1927798397173495, 'degree': 6, 'kernel': 'laplacian'}"
,,,,
0.160485734254804,0.011464396042756,55,0.441100120544434,"{'alpha': 0.8930859419079805, 'coef0': 3.440992262958261, 'degree': 4, 'kernel': 'poly'}"
,,,,
0.118916925579511,0.095898682713792,56,0.210046052932739,"{'alpha': 0.7427458979556162, 'coef0': 2.6271346821986845, 'degree': 1, 'kernel': 'linear'}"
,,,,
0.241829578508493,0.219511520982888,57,0.226050615310669,"{'alpha': 0.9462278389036798, 'coef0': 5.796137570971412, 'degree': 0, 'kernel': 'cosine'}"
,,,,
0.118932047558747,0.095896330147504,58,0.216047763824463,"{'alpha': 0.7384263660408251, 'coef0': 4.73094540837728, 'degree': 1, 'kernel': 'linear'}"
,,,,
0.136611377581645,0.123903669841442,59,0.22705078125,"{'alpha': 0.8231959966945184, 'coef0': 2.728335415647578, 'degree': 1, 'kernel': 'polynomial'}"
,,,,
0.123395583538586,0.092063430720581,60,5.06759905815125,"{'alpha': 0.8675681770154636, 'coef0': 6.946148973912264, 'degree': 0, 'kernel': 'additive_chi2'}"
,,,,
0.396131643651184,0.396021707023433,61,0.368981838226318,"{'alpha': 0.9674655962153962, 'coef0': 4.143320673553381, 'degree': 2, 'kernel': 'sigmoid'}"
,,,,
0.118394073637181,0.095988201504388,62,0.213151454925537,"{'alpha': 0.908231365511847, 'coef0': 2.132978756833731, 'degree': 1, 'kernel': 'linear'}"
,,,,
1.07932960784561,0.60723386776216,63,0.309808969497681,"{'alpha': 0.9165254782826704, 'coef0': 3.6442391245871084, 'degree': 2, 'kernel': 'rbf'}"
,,,,
0.396105660919589,0.3960098012633,64,0.228050708770752,"{'alpha': 0.893175324519802, 'coef0': 2.2647970701446223, 'degree': 0, 'kernel': 'poly'}"
,,,,
0.119400800026638,0.095829037970461,65,0.212047815322876,"{'alpha': 0.6154773027540438, 'coef0': 3.144113614173307, 'degree': 3, 'kernel': 'linear'}"
,,,,
0.119031686332246,0.095881128916975,66,0.213047981262207,"{'alpha': 0.7105505399819205, 'coef0': 2.665371964321546, 'degree': 1, 'kernel': 'linear'}"
,,,,
0.1181456773069,0.096037093704411,67,0.208046913146973,"{'alpha': 0.9995778562164545, 'coef0': 1.7678524857134796, 'degree': 1, 'kernel': 'linear'}"
,,,,
0.118226182059705,0.096020742621627,68,0.211048603057861,"{'alpha': 0.9689502913283741, 'coef0': 1.6227181405808206, 'degree': 1, 'kernel': 'linear'}"
,,,,
0.118152161837552,0.096035757898179,69,0.210047483444214,"{'alpha': 0.9970727365463461, 'coef0': 1.7681122186526377, 'degree': 0, 'kernel': 'linear'}"
,,,,
0.118238089782102,0.096018366389608,70,0.210046768188477,"{'alpha': 0.9645059305200133, 'coef0': 1.7125520269715246, 'degree': 0, 'kernel': 'linear'}"
,,,,
0.118730155496252,0.095928775548423,71,0.213047742843628,"{'alpha': 0.7981295445639823, 'coef0': 1.6237875445670449, 'degree': 0, 'kernel': 'linear'}"
,,,,
0.118535275778033,0.095962354853378,72,0.210046768188477,"{'alpha': 0.8602217883208514, 'coef0': 1.0444173800227987, 'degree': 1, 'kernel': 'linear'}"
,,,,
0.200779265735295,0.154042456380927,73,1.51234006881714,"{'alpha': 0.9962015710872757, 'coef0': 1.2929529961483086, 'degree': 2, 'kernel': 'laplacian'}"
,,,,
0.242992328658146,0.2206445099666,74,0.234052419662476,"{'alpha': 0.9705996598960107, 'coef0': 0.6128996273290959, 'degree': 0, 'kernel': 'cosine'}"
,,,,
0.124208477405182,0.095454175496425,75,0.219047784805298,"{'alpha': 0.04446191443742631, 'coef0': 3.6418462165166776, 'degree': 2, 'kernel': 'linear'}"
,,,,
0.123333242419377,0.092100554404538,76,5.24718236923218,"{'alpha': 0.8878875162792866, 'coef0': 0.4364401564516167, 'degree': 1, 'kernel': 'additive_chi2'}"
,,,,
0.396125450696381,0.396018855251279,77,0.255056381225586,"{'alpha': 0.9503405223570259, 'coef0': 2.99590136661187, 'degree': 0, 'kernel': 'polynomial'}"
,,,,
0.118159383432214,0.096034274172714,78,0.238053798675537,"{'alpha': 0.9942908415303935, 'coef0': 1.771482960489068, 'degree': 1, 'kernel': 'linear'}"
,,,,
0.396069672156777,0.395995998312209,79,0.386091947555542,"{'alpha': 0.7693945693587494, 'coef0': 1.8364397473469647, 'degree': 2, 'kernel': 'sigmoid'}"
,,,,
1.09656479445352,0.631534850897612,80,0.323084354400635,"{'alpha': 0.99110592608716, 'coef0': 3.368285222005368, 'degree': 7, 'kernel': 'rbf'}"
,,,,
0.118566047767873,0.09595689591475,81,0.223049879074097,"{'alpha': 0.8501061709754645, 'coef0': 5.881806560663951, 'degree': 0, 'kernel': 'linear'}"
,,,,
0.32687584154184,4.58517703313378E-09,82,0.446641683578491,"{'alpha': 0.9264874302753912, 'coef0': 4.229478443655305, 'degree': 10, 'kernel': 'poly'}"
,,,,
0.189041875432502,0.142851328205407,83,1.53021931648254,"{'alpha': 0.8001730414117935, 'coef0': 8.893757350902618, 'degree': 0, 'kernel': 'laplacian'}"
,,,,
0.119116806457964,0.095868542722238,84,0.225031137466431,"{'alpha': 0.6875156184580824, 'coef0': 4.772265284015072, 'degree': 2, 'kernel': 'linear'}"
,,,,
0.124192300901075,0.091607805570455,85,5.21375036239624,"{'alpha': 0.6434003983749255, 'coef0': 2.4139353452370846, 'degree': 3, 'kernel': 'additive_chi2'}"
,,,,
0.120732372291773,0.095684531998406,86,0.215478181838989,"{'alpha': 0.35550399029527546, 'coef0': 0.21399300269889032, 'degree': 1, 'kernel': 'linear'}"
,,,,
0.244298880971801,0.221921287406507,87,0.222049713134766,"{'alpha': 0.998672680264535, 'coef0': 1.06520746395358, 'degree': 9, 'kernel': 'cosine'}"
,,,,
0.136772655124839,0.041006052370453,88,0.440099716186523,"{'alpha': 0.47981314152375837, 'coef0': 2.107220334744796, 'degree': 3, 'kernel': 'polynomial'}"
,,,,
0.121378508421956,0.095632453615114,89,0.214048385620117,"{'alpha': 0.2640432656404017, 'coef0': 3.9103614412210876, 'degree': 1, 'kernel': 'linear'}"
,,,,
1.0695957739133,0.593350042610349,90,0.319072008132935,"{'alpha': 0.8756449084251299, 'coef0': 5.2123754022732, 'degree': 5, 'kernel': 'rbf'}"
,,,,
0.396140102666793,0.396042555400918,91,0.369083642959595,"{'alpha': 0.9467352098379623, 'coef0': 0.8131939079968139, 'degree': 0, 'kernel': 'sigmoid'}"
,,,,
0.11878227931473,0.095920179705172,92,0.212047338485718,"{'alpha': 0.7822846487373387, 'coef0': 7.1374965465586495, 'degree': 2, 'kernel': 'linear'}"
,,,,
0.137648531825652,0.124179465725824,93,0.228051900863647,"{'alpha': 0.8161086245547258, 'coef0': 1.4408468084351755, 'degree': 1, 'kernel': 'poly'}"
,,,,
0.16314101286271,0.116404455617416,94,1.51834106445313,"{'alpha': 0.4237964676779684, 'coef0': 6.536013711460392, 'degree': 8, 'kernel': 'laplacian'}"
,,,,
0.118598585977159,0.095951188970897,95,0.209047079086304,"{'alpha': 0.8395399262088156, 'coef0': 4.5265991191391635, 'degree': 4, 'kernel': 'linear'}"
,,,,
0.231140062712812,0.209250799105807,96,0.222049713134766,"{'alpha': 0.7465465588626876, 'coef0': 3.251401464929316, 'degree': 2, 'kernel': 'cosine'}"
,,,,
0.123940985860424,0.091748424140242,97,5.17616581916809,"{'alpha': 0.7076335315847244, 'coef0': 7.628439465590059, 'degree': 7, 'kernel': 'additive_chi2'}"
,,,,
0.13123651982426,0.049016482424958,98,0.439097166061401,"{'alpha': 0.9184771552839975, 'coef0': 2.4549451915975284, 'degree': 3, 'kernel': 'polynomial'}"
,,,,
0.122324848684984,0.095570078817955,99,0.211046695709228,"{'alpha': 0.16038234481056962, 'coef0': 2.843370593526041, 'degree': 0, 'kernel': 'linear'}"
,,,,
0.39611806211506,0.396023329154271,100,0.372082948684692,"{'alpha': 0.9080548994222144, 'coef0': 1.220464707172088, 'degree': 4, 'kernel': 'sigmoid'}"
,,,,
0.119483442603602,0.095818215465886,101,0.210046529769897,"{'alpha': 0.5958104689103103, 'coef0': 3.7172499349420884, 'degree': 1, 'kernel': 'linear'}"
,,,,
1.01404700366743,0.511793034594276,102,0.321072101593018,"{'alpha': 0.6592789326314743, 'coef0': 0.3468017268043455, 'degree': 0, 'kernel': 'rbf'}"
,,,,
0.119364937296416,0.095833825518198,103,0.230052947998047,"{'alpha': 0.6241866391710542, 'coef0': 4.920610877801158, 'degree': 2, 'kernel': 'linear'}"
,,,,
0.184390940288443,0.001643667398215,104,0.448100805282593,"{'alpha': 0.8769626500656361, 'coef0': 2.198319037430083, 'degree': 5, 'kernel': 'poly'}"
,,,,
0.13603517551268,0.079097621630949,105,1.51233911514282,"{'alpha': 0.11280702246288876, 'coef0': 0.5831412009352797, 'degree': 1, 'kernel': 'laplacian'}"
,,,,
0.118553160766552,0.095959174698935,106,0.209047079086304,"{'alpha': 0.8543278245324353, 'coef0': 1.9482956673934555, 'degree': 0, 'kernel': 'linear'}"
,,,,
0.214910242422206,0.19424115348257,107,0.220049619674683,"{'alpha': 0.5111132543192294, 'coef0': 5.633116763926882, 'degree': 3, 'kernel': 'cosine'}"
,,,,
0.118202907265348,0.096025418347261,108,0.21104621887207,"{'alpha': 0.9777003701252649, 'coef0': 2.925319718423386, 'degree': 6, 'kernel': 'linear'}"
,,,,
0.182882764728133,0.00264124465111,109,0.457103490829468,"{'alpha': 0.06620436651486555, 'coef0': 0.9284603282397347, 'degree': 4, 'kernel': 'polynomial'}"
,,,,
0.118282218424177,0.096009653056996,110,0.210046529769897,"{'alpha': 0.9482232953068491, 'coef0': 0.03525066250943598, 'degree': 1, 'kernel': 'linear'}"
,,,,
0.123291780277717,0.092125397942995,111,5.14015913009644,"{'alpha': 0.901658968371929, 'coef0': 1.3844135667624926, 'degree': 2, 'kernel': 'additive_chi2'}"
,,,,
0.396068806727954,0.395996793451339,112,0.400089740753174,"{'alpha': 0.7624339827659465, 'coef0': 1.6584542433555196, 'degree': 0, 'kernel': 'sigmoid'}"
,,,,
1.09857250396385,0.634342643870387,113,0.339075326919556,"{'alpha': 0.9999769777010489, 'coef0': 9.884960737769354, 'degree': 2, 'kernel': 'rbf'}"
,,,,
0.148217033532012,0.094897789077357,114,0.212047815322876,"{'alpha': 0.002153366438754245, 'coef0': 3.5056112868312796, 'degree': 1, 'kernel': 'linear'}"
,,,,
0.14550587127555,0.02989557654506,115,0.441098690032959,"{'alpha': 0.22065957921243362, 'coef0': 4.277171096512758, 'degree': 3, 'kernel': 'poly'}"
,,,,
0.11896624401842,0.095891054782641,116,0.210045576095581,"{'alpha': 0.7287456066323464, 'coef0': 2.4990181112034824, 'degree': 10, 'kernel': 'linear'}"
,,,,
0.190016196102566,0.143793531488786,117,1.52234268188477,"{'alpha': 0.8158464551373774, 'coef0': 3.7905023684401034, 'degree': 0, 'kernel': 'laplacian'}"
,,,,
0.119654427044238,0.095796717303861,118,0.209047317504883,"{'alpha': 0.5568302607542597, 'coef0': 5.989697870950138, 'degree': 1, 'kernel': 'linear'}"
,,,,
0.242214063881644,0.219885820148039,119,0.222048997879028,"{'alpha': 0.9542241531798598, 'coef0': 1.8291016873742942, 'degree': 2, 'kernel': 'cosine'}"
,,,,
0.123195692088429,0.092183471535393,120,5.13615655899048,"{'alpha': 0.9343934428941603, 'coef0': 0.27160982933160027, 'degree': 9, 'kernel': 'additive_chi2'}"
,,,,
0.396071323816019,0.395994050832032,121,0.241055488586426,"{'alpha': 0.7838813697300366, 'coef0': 9.62084422582312, 'degree': 0, 'kernel': 'polynomial'}"
,,,,
0.121512192136805,0.095622775940535,122,0.214047431945801,"{'alpha': 0.24735357544307712, 'coef0': 8.085405234165775, 'degree': 5, 'kernel': 'linear'}"
,,,,
0.396048553367338,0.395983598635996,123,0.389087200164795,"{'alpha': 0.7016616741122685, 'coef0': 4.102416856232707, 'degree': 3, 'kernel': 'sigmoid'}"
,,,,
0.852753806329822,0.24952919970643,124,0.315070152282715,"{'alpha': 0.19004652099142932, 'coef0': 5.140930414170491, 'degree': 2, 'kernel': 'rbf'}"
,,,,
0.118197262830336,0.096026558526833,125,0.209046602249145,"{'alpha': 0.9798350686320947, 'coef0': 2.2694227680626935, 'degree': 4, 'kernel': 'linear'}"
,,,,
0.1270325797906,0.113366645495922,126,0.227050304412842,"{'alpha': 0.3662282013599013, 'coef0': 0.7119199699999617, 'degree': 1, 'kernel': 'poly'}"
,,,,
0.118581832751088,0.095954119034144,127,0.209047079086304,"{'alpha': 0.8449637170151518, 'coef0': 2.019847394290651, 'degree': 0, 'kernel': 'linear'}"
,,,,
0.194053040979359,0.147669978902623,128,1.52234315872192,"{'alpha': 0.8819415588554876, 'coef0': 3.2989665508764214, 'degree': 6, 'kernel': 'laplacian'}"
,,,,
0.119351385265701,0.095835649294604,129,0.225049018859863,"{'alpha': 0.6275058963708293, 'coef0': 1.1024240307540747, 'degree': 8, 'kernel': 'linear'}"
,,,,
0.234980314076842,0.212903612387759,130,0.230051755905151,"{'alpha': 0.8135351803699761, 'coef0': 8.91714892196039, 'degree': 1, 'kernel': 'cosine'}"
,,,,
0.123019220013748,0.092292120667354,131,5.10714912414551,"{'alpha': 0.9976752277970955, 'coef0': 4.628276517200539, 'degree': 7, 'kernel': 'additive_chi2'}"
,,,,
0.117266803156375,0.07864132169954,132,0.22705078125,"{'alpha': 0.31553605170931753, 'coef0': 2.8490766229399505, 'degree': 2, 'kernel': 'polynomial'}"
,,,,
0.138519693977154,0.037886989514053,133,0.439098119735718,"{'alpha': 0.3938247391654698, 'coef0': 2.795367235100915, 'degree': 3, 'kernel': 'polynomial'}"
,,,,
0.117463229640458,0.078022719110324,134,0.226049900054932,"{'alpha': 0.2952316085736712, 'coef0': 3.0255462275560956, 'degree': 2, 'kernel': 'polynomial'}"
,,,,
0.166467725723839,0.005521279496047,135,0.440099000930786,"{'alpha': 0.3027293106949192, 'coef0': 3.9319447690112517, 'degree': 4, 'kernel': 'polynomial'}"
,,,,
0.172375047347871,0.000658807705653,136,0.441098690032959,"{'alpha': 0.27250504400385733, 'coef0': 4.984532301263682, 'degree': 5, 'kernel': 'polynomial'}"
,,,,
0.140298254217632,0.03557433697633,137,0.440098285675049,"{'alpha': 0.332056629922729, 'coef0': 3.0651455331715223, 'degree': 3, 'kernel': 'polynomial'}"
,,,,
0.119345424042841,0.074382643755756,138,0.227049589157104,"{'alpha': 0.20343783050292435, 'coef0': 5.4595753410776835, 'degree': 2, 'kernel': 'polynomial'}"
,,,,
0.168499097985205,0.003726702813246,139,0.443099498748779,"{'alpha': 0.1613144581471212, 'coef0': 3.476943055338519, 'degree': 4, 'kernel': 'polynomial'}"
,,,,
0.139088363052067,0.037410543698884,140,0.441099166870117,"{'alpha': 0.42140658254024843, 'coef0': 4.3934154613754695, 'degree': 3, 'kernel': 'polynomial'}"
,,,,
0.246461992287395,9.52319349390835E-05,141,0.439098834991455,"{'alpha': 0.09149731448527468, 'coef0': 1.5192341102515543, 'degree': 6, 'kernel': 'polynomial'}"
,,,,
0.117584694491583,0.077694503714647,142,0.225050926208496,"{'alpha': 0.28334249645531495, 'coef0': 2.688219887296994, 'degree': 2, 'kernel': 'polynomial'}"
,,,,
0.175732168179751,0.000202962943504,143,0.437098503112793,"{'alpha': 0.03006529444542516, 'coef0': 4.697830595645922, 'degree': 5, 'kernel': 'polynomial'}"
,,,,
0.168315605637665,0.00480175154893,144,0.442098617553711,"{'alpha': 0.3204802946212142, 'coef0': 6.168324803895231, 'degree': 4, 'kernel': 'polynomial'}"
,,,,
0.118186519919808,0.077535800927521,145,0.224051237106323,"{'alpha': 0.28872708881581155, 'coef0': 6.635941907774741, 'degree': 2, 'kernel': 'polynomial'}"
,,,,
0.116952439702306,0.079843927269369,146,0.226049661636353,"{'alpha': 0.3598563424661748, 'coef0': 2.582744966792937, 'degree': 2, 'kernel': 'polynomial'}"
,,,,
0.143295737633548,0.031963609308476,147,0.441098928451538,"{'alpha': 0.23681805289185312, 'coef0': 2.59327680751796, 'degree': 3, 'kernel': 'polynomial'}"
,,,,
0.137355719523918,0.039333194860694,148,0.442098379135132,"{'alpha': 0.4546887855697481, 'coef0': 3.1785234687510027, 'degree': 3, 'kernel': 'polynomial'}"
,,,,
0.116869335987114,0.07988445812782,149,0.221048831939697,"{'alpha': 0.36740487692224555, 'coef0': 3.5819890210776646, 'degree': 2, 'kernel': 'polynomial'}"
,,,,
0.116918955151762,0.079729039562386,150,0.225051403045654,"{'alpha': 0.36108831978239, 'coef0': 3.630898866227148, 'degree': 2, 'kernel': 'polynomial'}"
,,,,
0.139610141325514,0.03649744144158,151,0.454102039337158,"{'alpha': 0.3713773171340317, 'coef0': 3.5933744630334266, 'degree': 3, 'kernel': 'polynomial'}"
,,,,
0.116202968292029,0.082326138408831,152,0.228049993515015,"{'alpha': 0.4943783645388145, 'coef0': 4.037902147403855, 'degree': 2, 'kernel': 'polynomial'}"
,,,,
0.137996899540958,0.039132380233786,153,0.438098669052124,"{'alpha': 0.510771294643436, 'coef0': 5.249729208742051, 'degree': 3, 'kernel': 'polynomial'}"
,,,,
0.164448100190806,0.007425897021803,154,0.441100120544434,"{'alpha': 0.4813868221786185, 'coef0': 4.08367301311348, 'degree': 4, 'kernel': 'polynomial'}"
,,,,
0.116529070076139,0.081064829256562,155,0.226050615310669,"{'alpha': 0.4233829311919295, 'coef0': 3.822371720604344, 'degree': 2, 'kernel': 'polynomial'}"
,,,,
0.139751114586843,0.037081730839639,156,0.438099145889282,"{'alpha': 0.43713500109908926, 'coef0': 5.449689533493885, 'degree': 3, 'kernel': 'polynomial'}"
,,,,
0.130659541354699,0.117978282343416,157,0.226050853729248,"{'alpha': 0.5296779708797419, 'coef0': 5.6795650390195185, 'degree': 1, 'kernel': 'polynomial'}"
,,,,
0.11662927559383,0.080805322653843,158,0.22504997253418,"{'alpha': 0.413341447422948, 'coef0': 4.352882873447597, 'degree': 2, 'kernel': 'polynomial'}"
,,,,
0.165841809591679,0.006345533453106,159,0.442098617553711,"{'alpha': 0.4176637566440101, 'coef0': 4.876533630231592, 'degree': 4, 'kernel': 'polynomial'}"
,,,,
0.115946932835263,0.083464610886237,160,0.22705078125,"{'alpha': 0.5710237724364675, 'coef0': 4.271201513171353, 'degree': 2, 'kernel': 'polynomial'}"
,,,,
0.129560708973141,0.116785987425906,161,0.226050615310669,"{'alpha': 0.47994522709495036, 'coef0': 5.996831474743381, 'degree': 1, 'kernel': 'polynomial'}"
,,,,
0.396019516734314,0.395970126524685,162,0.372082710266113,"{'alpha': 0.5797850987552566, 'coef0': 6.370919189643832, 'degree': 4, 'kernel': 'sigmoid'}"
,,,,
0.171838657730393,0.001033398200978,163,0.4451003074646,"{'alpha': 0.6082201223062466, 'coef0': 4.453218545238572, 'degree': 5, 'kernel': 'polynomial'}"
,,,,
0.116763051424336,0.081477390007255,164,0.225049018859863,"{'alpha': 0.46157231675824206, 'coef0': 7.310505774554327, 'degree': 2, 'kernel': 'poly'}"
,,,,
0.986049092245553,0.469101365834959,165,0.309069156646729,"{'alpha': 0.561012104684883, 'coef0': 6.844360498063029, 'degree': 3, 'kernel': 'rbf'}"
,,,,
0.1375904644422,0.039558213542722,166,0.44009804725647,"{'alpha': 0.5229613806357807, 'coef0': 5.068161073735783, 'degree': 3, 'kernel': 'polynomial'}"
,,,,
0.174307114659897,0.12820831219241,167,1.51445531845093,"{'alpha': 0.5764630927319544, 'coef0': 4.283579145054306, 'degree': 1, 'kernel': 'laplacian'}"
,,,,
0.116194607110049,0.082380389587547,168,0.225050687789917,"{'alpha': 0.4958962285789069, 'coef0': 3.811244801829007, 'degree': 2, 'kernel': 'polynomial'}"
,,,,
0.226413358196829,0.204808312569901,169,0.219049215316772,"{'alpha': 0.6705588626924754, 'coef0': 3.866921290648108, 'degree': 1, 'kernel': 'cosine'}"
,,,,
0.12460412733115,0.091381410241144,170,5.04082202911377,"{'alpha': 0.5491071087660124, 'coef0': 4.680101944063527, 'degree': 0, 'kernel': 'additive_chi2'}"
,,,,
0.165992895404213,0.006655983440025,171,0.450126886367798,"{'alpha': 0.496381026031307, 'coef0': 5.758390952709291, 'degree': 4, 'kernel': 'polynomial'}"
,,,,
0.395986949518244,0.39595491623131,172,0.369426488876343,"{'alpha': 0.39804194468104115, 'coef0': 4.15355474403271, 'degree': 3, 'kernel': 'sigmoid'}"
,,,,
0.128324296479353,0.115409919112894,173,0.225049495697021,"{'alpha': 0.4339372549647568, 'coef0': 3.883395108819911, 'degree': 1, 'kernel': 'polynomial'}"
,,,,
0.913509570893367,0.353143058532794,174,0.306076288223267,"{'alpha': 0.33943995923862424, 'coef0': 5.542607791044706, 'degree': 2, 'kernel': 'rbf'}"
,,,,
0.115869140492358,0.084462947075931,175,0.228569746017456,"{'alpha': 0.6359789549088561, 'coef0': 3.4005407721190215, 'degree': 2, 'kernel': 'poly'}"
,,,,
0.396037528152175,0.395978474746495,176,0.22805118560791,"{'alpha': 0.658223008991913, 'coef0': 5.2732115939087905, 'degree': 0, 'kernel': 'poly'}"
,,,,
0.174725946863969,0.001183013180628,177,0.440099954605103,"{'alpha': 0.6361832722551003, 'coef0': 3.3928515313088936, 'degree': 5, 'kernel': 'poly'}"
,,,,
0.132099823864054,0.119361119151636,178,0.228051424026489,"{'alpha': 0.5981242964631689, 'coef0': 3.2478355034544517, 'degree': 1, 'kernel': 'poly'}"
,,,,
0.135889717685135,0.042206938352732,179,0.459103345870972,"{'alpha': 0.6890877743365224, 'coef0': 6.154252568928869, 'degree': 3, 'kernel': 'poly'}"
,,,,
0.136194584679784,0.041121997566184,180,0.438098430633545,"{'alpha': 0.5741229753307834, 'coef0': 4.544164784207595, 'degree': 3, 'kernel': 'poly'}"
,,,,
0.164947043691429,0.008808466370941,181,0.438099145889282,"{'alpha': 0.49840815315710096, 'coef0': 2.367849732867696, 'degree': 4, 'kernel': 'poly'}"
,,,,
0.116101959584247,0.082830703000442,182,0.224050283432007,"{'alpha': 0.5323648894719811, 'coef0': 4.88389451559914, 'degree': 2, 'kernel': 'poly'}"
,,,,
0.396010111653525,0.395965746880321,183,0.225050687789917,"{'alpha': 0.5340642028212823, 'coef0': 6.979855617105983, 'degree': 0, 'kernel': 'poly'}"
,,,,
0.13459037970855,0.122289594850191,184,0.236054182052612,"{'alpha': 0.7250016513264769, 'coef0': 7.845793846908001, 'degree': 1, 'kernel': 'poly'}"
,,,,
0.115975280375023,0.08377041612136,185,0.237052440643311,"{'alpha': 0.610913756246333, 'coef0': 6.424077384797947, 'degree': 2, 'kernel': 'poly'}"
,,,,
0.165840673788848,0.007263510257363,186,0.446101427078247,"{'alpha': 0.6184999883163727, 'coef0': 6.564072572056071, 'degree': 4, 'kernel': 'poly'}"
,,,,
0.134939159408803,0.122663429144145,187,0.241055011749268,"{'alpha': 0.7470409476157759, 'coef0': 7.176469237005813, 'degree': 1, 'kernel': 'poly'}"
,,,,
0.396023134220463,0.395971806461091,188,0.231052160263062,"{'alpha': 0.5964024949592364, 'coef0': 7.524904714393592, 'degree': 0, 'kernel': 'poly'}"
,,,,
0.176189100919521,0.000151626674446,189,0.482108354568482,"{'alpha': 0.6678882010604186, 'coef0': 6.411598319072539, 'degree': 6, 'kernel': 'poly'}"
,,,,
0.138161866122777,0.040135318079088,190,0.455102205276489,"{'alpha': 0.6428968368823079, 'coef0': 7.965356945225574, 'degree': 3, 'kernel': 'poly'}"
,,,,
0.177123909664604,5.20319596496229E-06,191,0.448100090026856,"{'alpha': 0.6985655903032396, 'coef0': 8.740395064079486, 'degree': 7, 'kernel': 'poly'}"
,,,,
0.116163483053473,0.082884903841297,192,0.243055582046509,"{'alpha': 0.5426864970807569, 'coef0': 5.912163337509806, 'degree': 2, 'kernel': 'poly'}"
,,,,
0.166865997203335,0.007405747396767,193,0.465104341506958,"{'alpha': 0.7646376819140672, 'coef0': 8.387022427247043, 'degree': 4, 'kernel': 'poly'}"
,,,,
0.141516834013685,0.036029773202336,194,0.468105554580689,"{'alpha': 0.4533905053421474, 'coef0': 7.732762980263081, 'degree': 3, 'kernel': 'poly'}"
,,,,
0.171203221426259,0.001042775276393,195,0.459105968475342,"{'alpha': 0.6770134263728431, 'coef0': 4.907994492439311, 'degree': 5, 'kernel': 'poly'}"
,,,,
0.134568828574945,0.122267311458737,196,0.234052896499634,"{'alpha': 0.7190709603845912, 'coef0': 9.378439162014033, 'degree': 1, 'kernel': 'poly'}"
,,,,
0.115986452459592,0.083810263549339,197,0.24505615234375,"{'alpha': 0.6158298663465471, 'coef0': 6.678503848874367, 'degree': 2, 'kernel': 'poly'}"
,,,,
0.1777290101522,0.131685089861083,198,1.52334308624268,"{'alpha': 0.6261759418156679, 'coef0': 9.273044700633921, 'degree': 0, 'kernel': 'laplacian'}"
,,,,
0.138410563720113,0.039563940508822,199,0.446099758148193,"{'alpha': 0.5940173880550258, 'coef0': 7.330815098280812, 'degree': 3, 'kernel': 'poly'}"
,,,,
0.225069066657453,0.203555718327662,200,0.219048976898193,"{'alpha': 0.6501513532843692, 'coef0': 6.132658297581482, 'degree': 2, 'kernel': 'cosine'}"
,,,,
0.123670146271243,0.091902877302014,201,5.1052041053772,"{'alpha': 0.7832665650922856, 'coef0': 6.670854996499299, 'degree': 6, 'kernel': 'additive_chi2'}"
,,,,
0.133863022323427,0.121483974325607,202,0.236052274703979,"{'alpha': 0.6871959238794298, 'coef0': 6.836955981789497, 'degree': 1, 'kernel': 'poly'}"
,,,,
0.396056296740794,0.39598713635635,203,0.383086204528809,"{'alpha': 0.7307667565041545, 'coef0': 8.105196983505863, 'degree': 4, 'kernel': 'sigmoid'}"
,,,,
0.396016679599567,0.395968806761913,204,0.237053394317627,"{'alpha': 0.5663999847434904, 'coef0': 8.52402505332306, 'degree': 0, 'kernel': 'poly'}"
,,,,
0.971639386164275,0.446693192011717,205,0.337076663970947,"{'alpha': 0.5132213477329912, 'coef0': 6.3683617624792355, 'degree': 2, 'kernel': 'rbf'}"
,,,,
0.141483789837961,0.036272265356478,206,0.442100763320923,"{'alpha': 0.47446445249697444, 'coef0': 8.236587545155087, 'degree': 3, 'kernel': 'poly'}"
,,,,
0.222454272474816,0.201132980605167,207,0.239053964614868,"{'alpha': 0.6118813205811136, 'coef0': 7.030773816147681, 'degree': 1, 'kernel': 'cosine'}"
,,,,
0.186046038944487,0.139936716381807,208,1.5233416557312,"{'alpha': 0.7526618133276526, 'coef0': 7.373318900035546, 'degree': 5, 'kernel': 'laplacian'}"
,,,,
0.124585279469631,0.091391688148196,209,5.32319831848145,"{'alpha': 0.5531474076960635, 'coef0': 5.372534824574371, 'degree': 4, 'kernel': 'additive_chi2'}"
,,,,
0.115983094682794,0.084641143255505,210,0.226050138473511,"{'alpha': 0.704571350326562, 'coef0': 9.126207029071026, 'degree': 2, 'kernel': 'poly'}"
,,,,
0.18012803823214,1.91550749662268E-07,211,0.476107358932495,"{'alpha': 0.7112649049667075, 'coef0': 9.094910968724502, 'degree': 8, 'kernel': 'poly'}"
,,,,
0.396037375091389,0.395978408376294,212,0.415092706680298,"{'alpha': 0.6575802175677803, 'coef0': 5.125193385750789, 'degree': 2, 'kernel': 'sigmoid'}"
,,,,
1.05102622007451,0.566534242759099,213,0.320071935653686,"{'alpha': 0.8001219120874546, 'coef0': 9.58701547866712, 'degree': 1, 'kernel': 'rbf'}"
,,,,
0.137696973513596,0.041376834769314,214,0.439099073410034,"{'alpha': 0.7740651634154454, 'coef0': 9.719035138548247, 'degree': 3, 'kernel': 'poly'}"
,,,,
0.178487723059829,0.132448887553285,215,1.51434087753296,"{'alpha': 0.6373829256450798, 'coef0': 9.96026472968447, 'degree': 0, 'kernel': 'laplacian'}"
,,,,
0.196234292112267,1.57908535651963E-08,216,0.450101613998413,"{'alpha': 0.833192531819037, 'coef0': 7.675267547158059, 'degree': 9, 'kernel': 'poly'}"
,,,,
0.230933540580081,0.209055454517041,217,0.217048406600952,"{'alpha': 0.7430822321716786, 'coef0': 5.648030382137156, 'degree': 1, 'kernel': 'cosine'}"
,,,,
0.124482543102389,0.091447833546641,218,5.30119395256043,"{'alpha': 0.5756191714990289, 'coef0': 8.716942608789063, 'degree': 4, 'kernel': 'additive_chi2'}"
,,,,
0.133521034413144,0.044740391043152,219,0.454102516174316,"{'alpha': 0.6860069498331998, 'coef0': 2.9547767328058328, 'degree': 3, 'kernel': 'poly'}"
,,,,
0.396095059883901,0.396004964474412,220,0.426095247268677,"{'alpha': 0.8608956846788107, 'coef0': 4.240461106574253, 'degree': 2, 'kernel': 'sigmoid'}"
,,,,
0.12710608157471,0.114115965960331,221,0.237053871154785,"{'alpha': 0.38484788983783497, 'coef0': 4.631318763622044, 'degree': 1, 'kernel': 'poly'}"
,,,,
1.02634707531528,0.530204384185481,222,0.315071582794189,"{'alpha': 0.7047227467607625, 'coef0': 9.27728783756428, 'degree': 0, 'kernel': 'rbf'}"
,,,,
0.136706943618798,0.042342764796578,223,0.441098928451538,"{'alpha': 0.806887972966412, 'coef0': 8.957464091457549, 'degree': 3, 'kernel': 'poly'}"
,,,,
0.11640113503776,0.084310790980827,224,0.225050926208496,"{'alpha': 0.6002570390517136, 'coef0': 2.134955335940009, 'degree': 2, 'kernel': 'poly'}"
,,,,
0.180709792043618,0.13467224497622,225,1.51834201812744,"{'alpha': 0.6705891748275342, 'coef0': 3.3365058341796847, 'degree': 4, 'kernel': 'laplacian'}"
,,,,
0.211267004224439,0.190961327685581,226,0.220050096511841,"{'alpha': 0.46705876482950953, 'coef0': 5.777843675214494, 'degree': 1, 'kernel': 'cosine'}"
,,,,
0.124209570595932,0.091598221648235,227,5.08214449882507,"{'alpha': 0.639181802591921, 'coef0': 8.23147296883926, 'degree': 3, 'kernel': 'additive_chi2'}"
,,,,
0.181945773309416,0.000221735603235,228,0.454100847244263,"{'alpha': 0.7258089449768464, 'coef0': 4.443689841520509, 'degree': 6, 'kernel': 'poly'}"
,,,,
0.173554325539405,0.000602970439645,229,0.459104776382446,"{'alpha': 0.5140410730350117, 'coef0': 9.82842239448232, 'degree': 5, 'kernel': 'poly'}"
,,,,
0.396014366268975,0.395967730955388,230,0.389088153839111,"{'alpha': 0.5552305881173525, 'coef0': 5.953098885500541, 'degree': 0, 'kernel': 'sigmoid'}"
,,,,
1.04731977992571,0.561129082867634,231,0.340076923370361,"{'alpha': 0.7854333841206798, 'coef0': 4.778563696867037, 'degree': 2, 'kernel': 'rbf'}"
,,,,
0.282113496783117,1.37423707696132E-09,232,0.455101728439331,"{'alpha': 0.43656096730204114, 'coef0': 5.0571106629477995, 'degree': 10, 'kernel': 'poly'}"
,,,,
0.174919880707193,0.128834938274665,233,1.53434538841248,"{'alpha': 0.5852649556287132, 'coef0': 7.815799404156375, 'degree': 2, 'kernel': 'laplacian'}"
,,,,
0.396083927917594,0.395999839364275,234,0.246056079864502,"{'alpha': 0.8257282242656814, 'coef0': 9.146638060659395, 'degree': 0, 'kernel': 'poly'}"
,,,,
0.231903061234242,0.209973479472524,235,0.241055011749268,"{'alpha': 0.7594649022236389, 'coef0': 8.614960617607666, 'degree': 1, 'kernel': 'cosine'}"
,,,,
0.124695759353207,0.091331531405939,236,5.2411789894104,"{'alpha': 0.5298199340323847, 'coef0': 5.43465018642151, 'degree': 3, 'kernel': 'additive_chi2'}"
,,,,
0.165974402758527,0.007525160348381,237,0.484108448028564,"{'alpha': 0.6982257686067511, 'coef0': 7.2099790178317535, 'degree': 4, 'kernel': 'poly'}"
,,,,
0.172464566670237,0.001075383729156,238,0.445100545883179,"{'alpha': 0.6131485674238449, 'coef0': 4.101605472196467, 'degree': 5, 'kernel': 'poly'}"
,,,,
0.396039237605657,0.395979265083118,239,0.374084234237671,"{'alpha': 0.6651694724123433, 'coef0': 7.5563448828325335, 'degree': 2, 'kernel': 'sigmoid'}"
,,,,
0.913476977728434,0.353089137917043,240,0.337076902389526,"{'alpha': 0.3393510106475701, 'coef0': 3.707187976884779, 'degree': 1, 'kernel': 'rbf'}"
,,,,
0.223629697829326,2.91697237448505E-05,241,0.443099498748779,"{'alpha': 0.7336419920482301, 'coef0': 3.2134324497863678, 'degree': 7, 'kernel': 'poly'}"
,,,,
0.194735795515023,0.148321510110229,242,1.52534341812134,"{'alpha': 0.8933042758235503, 'coef0': 2.5079805515980866, 'degree': 3, 'kernel': 'laplacian'}"
,,,,
0.116658577675693,0.080877569787519,243,0.243055820465088,"{'alpha': 0.40676439727167335, 'coef0': 2.748813751251739, 'degree': 2, 'kernel': 'poly'}"
,,,,
0.225045432990479,0.203533739701089,244,0.255056858062744,"{'alpha': 0.6497971147333627, 'coef0': 9.991736745368296, 'degree': 3, 'kernel': 'cosine'}"
,,,,
0.396000584795924,0.395961291707938,245,0.26105809211731,"{'alpha': 0.48313436306163726, 'coef0': 6.452923014887596, 'degree': 0, 'kernel': 'poly'}"
,,,,
0.124524076776561,0.091425109522254,246,5.12584280967712,"{'alpha': 0.5664422735582815, 'coef0': 1.932634638987445, 'degree': 4, 'kernel': 'additive_chi2'}"
,,,,
0.128916715168976,0.11598253676255,247,0.2398521900177,"{'alpha': 0.4583339796404019, 'coef0': 3.0692758721094373, 'degree': 1, 'kernel': 'poly'}"
,,,,
0.396012325027081,0.395966778996782,248,0.385295629501343,"{'alpha': 0.5451851510661527, 'coef0': 8.065334758551094, 'degree': 2, 'kernel': 'sigmoid'}"
,,,,
1.061848130496,0.582214988525451,249,0.315333843231201,"{'alpha': 0.8437425277416016, 'coef0': 6.150630897243889, 'degree': 3, 'kernel': 'rbf'}"
,,,,
0.396029567846029,0.395974790226273,250,0.236054182052612,"{'alpha': 0.6248199443771095, 'coef0': 9.5014920851162, 'degree': 0, 'kernel': 'poly'}"
,,,,
0.131832899761592,0.119123883264241,251,0.237053394317627,"{'alpha': 0.5866716495818409, 'coef0': 3.5671460450854373, 'degree': 1, 'kernel': 'poly'}"
,,,,
0.229120734044528,0.207345617309823,252,0.229051351547241,"{'alpha': 0.7132508198928537, 'coef0': 6.8355089888935, 'degree': 2, 'kernel': 'cosine'}"
,,,,
0.189452169638371,0.143248425904546,253,1.52334356307983,"{'alpha': 0.806759998236996, 'coef0': 5.1580987856206155, 'degree': 4, 'kernel': 'laplacian'}"
,,,,
0.124033616233688,0.091696328141769,254,5.23617935180664,"{'alpha': 0.6833250065218189, 'coef0': 5.545156686467475, 'degree': 2, 'kernel': 'additive_chi2'}"
,,,,
0.132775849188947,0.046843996935511,255,0.437098026275635,"{'alpha': 0.7659275664304956, 'coef0': 2.2768122756593216, 'degree': 3, 'kernel': 'poly'}"
,,,,
0.395994115939162,0.395958251983442,256,0.228051424026489,"{'alpha': 0.44505706361709607, 'coef0': 3.984702994415998, 'degree': 0, 'kernel': 'poly'}"
,,,,
0.396002055463116,0.39596200104104,257,0.399089097976685,"{'alpha': 0.49125203769112147, 'coef0': 4.51207038109043, 'degree': 1, 'kernel': 'sigmoid'}"
,,,,
0.115962977003014,0.084012942808326,258,0.23605465888977,"{'alpha': 0.6345104851192532, 'coef0': 7.007426590928028, 'degree': 2, 'kernel': 'poly'}"
,,,,
0.1161325526708,0.083534026872293,259,0.230051517486572,"{'alpha': 0.599184157354556, 'coef0': 7.456105451401271, 'degree': 2, 'kernel': 'poly'}"
,,,,
0.130407609948499,0.117709461962045,260,0.235053300857544,"{'alpha': 0.5164689323913118, 'coef0': 6.2970470458560825, 'degree': 1, 'kernel': 'poly'}"
,,,,
0.115981988274247,0.083967537032766,261,0.226049661636353,"{'alpha': 0.6313736572896584, 'coef0': 7.093173193297824, 'degree': 2, 'kernel': 'poly'}"
,,,,
0.137545333394917,0.040503631696265,262,0.440099716186523,"{'alpha': 0.63091665099868, 'coef0': 7.033123238716888, 'degree': 3, 'kernel': 'poly'}"
,,,,
0.116185212030781,0.083037690483023,263,0.222049951553345,"{'alpha': 0.5572858568804471, 'coef0': 6.581840995176932, 'degree': 2, 'kernel': 'poly'}"
,,,,
0.137065361967309,0.041036657448528,264,0.466104984283447,"{'alpha': 0.6531781956659775, 'coef0': 6.8799173678977095, 'degree': 3, 'kernel': 'poly'}"
,,,,
0.116173378878864,0.083289130471249,265,0.224051475524902,"{'alpha': 0.5789425534251433, 'coef0': 7.171629939019592, 'degree': 2, 'kernel': 'poly'}"
,,,,
0.133628185620561,0.121234980583392,266,0.22705078125,"{'alpha': 0.6720233017420875, 'coef0': 7.65879273251115, 'degree': 1, 'kernel': 'poly'}"
,,,,
0.115911227131274,0.083850659904893,267,0.225051164627075,"{'alpha': 0.6127926311278004, 'coef0': 5.820971554948736, 'degree': 2, 'kernel': 'poly'}"
,,,,
0.138215946351369,0.039183269043832,268,0.465105295181274,"{'alpha': 0.5341213203051727, 'coef0': 5.948829307981122, 'degree': 3, 'kernel': 'poly'}"
,,,,
0.129971669182779,0.117231589309109,269,0.230051755905151,"{'alpha': 0.4985763831240614, 'coef0': 5.748519066740699, 'degree': 1, 'kernel': 'poly'}"
,,,,
0.996278415815112,0.484827328666009,270,0.308069467544556,"{'alpha': 0.5960843722336404, 'coef0': 5.323784261912098, 'degree': 2, 'kernel': 'rbf'}"
,,,,
0.3960266374189,0.395973431868335,271,0.226050853729248,"{'alpha': 0.6120463087645526, 'coef0': 6.106289763388637, 'degree': 0, 'kernel': 'poly'}"
,,,,
0.138937302741588,0.038490150582561,272,0.451101541519165,"{'alpha': 0.5166153377270941, 'coef0': 6.360671289528388, 'degree': 3, 'kernel': 'poly'}"
,,,,
0.185605002161704,0.139505290866079,273,1.51734137535095,"{'alpha': 0.7457543244068845, 'coef0': 4.778874975174313, 'degree': 2, 'kernel': 'laplacian'}"
,,,,
0.131407307013935,0.118792173374685,274,0.226051330566406,"{'alpha': 0.5643802815716594, 'coef0': 5.7727559632370316, 'degree': 1, 'kernel': 'poly'}"
,,,,
0.211804364496906,0.191443269318093,275,0.22005033493042,"{'alpha': 0.473382834419147, 'coef0': 6.687647107494384, 'degree': 2, 'kernel': 'cosine'}"
,,,,
0.124156687485017,0.091627599056512,276,5.05713891983032,"{'alpha': 0.6521770698449307, 'coef0': 5.300437144158904, 'degree': 3, 'kernel': 'additive_chi2'}"
,,,,
0.127079622017748,0.114088903720303,277,0.232052564620972,"{'alpha': 0.38309072871560024, 'coef0': 4.903533893738744, 'degree': 1, 'kernel': 'poly'}"
,,,,
0.165275033426594,0.007754713245137,278,0.435099363327026,"{'alpha': 0.681556203486638, 'coef0': 6.528131917594939, 'degree': 4, 'kernel': 'poly'}"
,,,,
0.396011156575029,0.39596623515474,279,0.372082948684692,"{'alpha': 0.5393399353725836, 'coef0': 6.017972575722687, 'degree': 3, 'kernel': 'sigmoid'}"
,,,,
1.02942463937669,0.534778948899238,280,0.32807469367981,"{'alpha': 0.7163113127634032, 'coef0': 7.958926071560699, 'degree': 2, 'kernel': 'rbf'}"
,,,,
0.131702194712373,0.119109716425688,281,0.228050708770752,"{'alpha': 0.5789002166156172, 'coef0': 5.6388805279414065, 'degree': 1, 'kernel': 'poly'}"
,,,,
0.39602770898316,0.395973928708958,282,0.225050687789917,"{'alpha': 0.6167491081589742, 'coef0': 4.31059317453925, 'degree': 0, 'kernel': 'poly'}"
,,,,
0.182496278752167,0.136445908766482,283,1.5163414478302,"{'alpha': 0.6977002869517532, 'coef0': 7.402444659799367, 'degree': 2, 'kernel': 'laplacian'}"
,,,,
0.140347860356763,0.036737358242792,284,0.441099405288696,"{'alpha': 0.44414115260910136, 'coef0': 6.231310084162053, 'degree': 3, 'kernel': 'polynomial'}"
,,,,
0.233784570921798,0.211762106012499,285,0.222050189971924,"{'alpha': 0.7921419933729825, 'coef0': 5.012505172248586, 'degree': 1, 'kernel': 'cosine'}"
,,,,
0.168827495517981,0.005668106695949,286,0.440099239349365,"{'alpha': 0.5108251176891639, 'coef0': 8.378488827629626, 'degree': 4, 'kernel': 'poly'}"
,,,,
0.1241058957538,0.091655900149995,287,5.06013917922974,"{'alpha': 0.6648764138749077, 'coef0': 5.4839417356319, 'degree': 2, 'kernel': 'additive_chi2'}"
,,,,
0.134658112859597,0.122288060209998,288,0.241053581237793,"{'alpha': 0.7343848683888681, 'coef0': 5.2045367533605535, 'degree': 1, 'kernel': 'poly'}"
,,,,
0.136648353750811,0.040569491884196,289,0.450101137161255,"{'alpha': 0.5522928385989109, 'coef0': 4.630880375493777, 'degree': 3, 'kernel': 'polynomial'}"
,,,,
0.396033157359441,0.395976452721935,290,0.376084566116333,"{'alpha': 0.6401057156328801, 'coef0': 6.937229090233568, 'degree': 8, 'kernel': 'sigmoid'}"
,,,,
0.395990638414743,0.395956611618136,291,0.237053394317627,"{'alpha': 0.4230892131631238, 'coef0': 4.103586650387403, 'degree': 0, 'kernel': 'poly'}"
,,,,
0.996011464718142,0.484418825397112,292,0.31607174873352,"{'alpha': 0.5951569773546748, 'coef0': 5.930316812433826, 'degree': 2, 'kernel': 'rbf'}"
,,,,
0.164959659280362,0.008161605659978,293,0.441099643707275,"{'alpha': 0.7543255942229209, 'coef0': 6.73423866000895, 'degree': 4, 'kernel': 'poly'}"
,,,,
0.138738358114885,0.037549037355719,294,0.461104154586792,"{'alpha': 0.3985645938266509, 'coef0': 3.362062303765787, 'degree': 3, 'kernel': 'polynomial'}"
,,,,
0.131592851363686,0.119005632880322,295,0.227051973342895,"{'alpha': 0.5688992391601295, 'coef0': 7.307592223434794, 'degree': 1, 'kernel': 'poly'}"
,,,,
0.211413466323661,0.191092625010879,296,0.226051092147827,"{'alpha': 0.4687766388456117, 'coef0': 4.399616924871013, 'degree': 9, 'kernel': 'cosine'}"
,,,,
0.1709037469853,0.124692719720158,297,1.52634406089783,"{'alpha': 0.5283762184748577, 'coef0': 6.4035302871381905, 'degree': 2, 'kernel': 'laplacian'}"
,,,,
0.396045326272797,0.39598207749197,298,0.235053062438965,"{'alpha': 0.6893236370678161, 'coef0': 3.822112081205596, 'degree': 0, 'kernel': 'poly'}"
,,,,
0.124317106883805,0.091538742270716,299,5.12715458869934,"{'alpha': 0.6134518785552843, 'coef0': 4.967029402869764, 'degree': 1, 'kernel': 'additive_chi2'}"
,,,,
0.135954247501876,0.041850545772481,300,0.48110818862915,"{'alpha': 0.6466360494091887, 'coef0': 5.545456788953136, 'degree': 3, 'kernel': 'poly'}"
,,,,
0.116645089203786,0.082036026914953,301,0.230051517486572,"{'alpha': 0.49712683346588005, 'coef0': 7.876047263530132, 'degree': 2, 'kernel': 'polynomial'}"
,,,,
0.396068277294937,0.395992650296462,302,0.374083995819092,"{'alpha': 0.7734167387549393, 'coef0': 7.510974369171933, 'degree': 4, 'kernel': 'sigmoid'}"
,,,,
0.396053258054567,0.395985736121064,303,0.237054824829102,"{'alpha': 0.7195344158776584, 'coef0': 5.691354735968056, 'degree': 0, 'kernel': 'poly'}"
,,,,
0.993487816256575,0.48055200848822,304,0.329073429107666,"{'alpha': 0.5864218973014744, 'coef0': 6.227966728542474, 'degree': 5, 'kernel': 'rbf'}"
,,,,
0.134850802619626,0.042946394470449,305,0.478106498718262,"{'alpha': 0.6703249938963528, 'coef0': 4.702406139695953, 'degree': 3, 'kernel': 'poly'}"
,,,,
0.116284137140553,0.082756062564435,306,0.234051704406738,"{'alpha': 0.5386935443880102, 'coef0': 6.750842058739817, 'degree': 2, 'kernel': 'polynomial'}"
,,,,
0.39599540643076,0.395958859516528,307,0.233052253723145,"{'alpha': 0.4529231294509385, 'coef0': 5.322765263964322, 'degree': 0, 'kernel': 'poly'}"
,,,,
0.177794322246731,0.131750936189566,308,1.52334308624268,"{'alpha': 0.6271380404949587, 'coef0': 3.6980180072712394, 'degree': 1, 'kernel': 'laplacian'}"
,,,,
0.136202625157204,0.041000180750589,309,0.444099426269531,"{'alpha': 0.557002345889374, 'coef0': 4.220380395927258, 'degree': 3, 'kernel': 'poly'}"
,,,,
0.237550741663466,0.215369844037092,310,0.236051797866821,"{'alpha': 0.8612459286956624, 'coef0': 7.704295451470884, 'degree': 2, 'kernel': 'cosine'}"
,,,,
0.119039952706948,0.095879890723284,311,0.212048530578613,"{'alpha': 0.708282612745151, 'coef0': 2.9365289155090744, 'degree': 4, 'kernel': 'linear'}"
,,,,
0.12493498098789,0.091201885074143,312,5.13615560531616,"{'alpha': 0.48214678220696594, 'coef0': 5.8620903360352346, 'degree': 2, 'kernel': 'additive_chi2'}"
,,,,
0.132297154419779,0.119605793510209,313,0.226051807403564,"{'alpha': 0.6085917983042163, 'coef0': 3.496814395089811, 'degree': 1, 'kernel': 'poly'}"
,,,,
0.136137047738021,0.123863308370282,314,0.23405385017395,"{'alpha': 0.8207309561291432, 'coef0': 5.0484077956640405, 'degree': 1, 'kernel': 'polynomial'}"
,,,,
0.396072238185469,0.395994471359699,315,0.370084047317505,"{'alpha': 0.7869933017210171, 'coef0': 6.409961446232996, 'degree': 3, 'kernel': 'sigmoid'}"
,,,,
0.14061333099792,0.037278414616395,316,0.446100473403931,"{'alpha': 0.5150408219796082, 'coef0': 8.205258767314648, 'degree': 3, 'kernel': 'poly'}"
,,,,
1.03605108004236,0.544585596191786,317,0.31307053565979,"{'alpha': 0.7415604955404129, 'coef0': 7.102474811173936, 'degree': 2, 'kernel': 'rbf'}"
,,,,
0.396036801561957,0.395978138738686,318,0.228051424026489,"{'alpha': 0.655247296331532, 'coef0': 3.1389861759553517, 'degree': 0, 'kernel': 'poly'}"
,,,,
0.166260685278951,0.005827627141574,319,0.453101634979248,"{'alpha': 0.3531279275218996, 'coef0': 4.532329265596564, 'degree': 4, 'kernel': 'polynomial'}"
,,,,
0.171172088641801,0.000858460721313,320,0.440099239349365,"{'alpha': 0.577215784261657, 'coef0': 6.1644728597039675, 'degree': 5, 'kernel': 'poly'}"
,,,,
0.181681603388702,0.135638553573777,321,1.51489925384521,"{'alpha': 0.6852913386366413, 'coef0': 3.96646311299664, 'degree': 1, 'kernel': 'laplacian'}"
,,,,
0.119331441856693,0.095838347932598,322,0.214052677154541,"{'alpha': 0.6324189231174641, 'coef0': 4.802349967368882, 'degree': 2, 'kernel': 'linear'}"
,,,,
0.137995429871417,0.039919835215241,323,0.44610071182251,"{'alpha': 0.5999741743083108, 'coef0': 6.974854999332987, 'degree': 3, 'kernel': 'poly'}"
,,,,
0.230098933375125,0.208267169726086,324,0.221049547195435,"{'alpha': 0.7292202212680673, 'coef0': 5.4532427681581135, 'degree': 2, 'kernel': 'cosine'}"
,,,,
0.12374637024639,0.091859056687509,325,5.15290760993958,"{'alpha': 0.7612651664229344, 'coef0': 6.654696639749492, 'degree': 0, 'kernel': 'additive_chi2'}"
,,,,
0.128099365641117,0.115170622009278,326,0.224050283432007,"{'alpha': 0.41294515623712547, 'coef0': 8.462977370998992, 'degree': 1, 'kernel': 'poly'}"
,,,,
0.116928667710553,0.08098037764303,327,0.237054824829102,"{'alpha': 0.43404247432646326, 'coef0': 7.242192982663612, 'degree': 2, 'kernel': 'polynomial'}"
,,,,
0.137178109990118,0.040143697738672,328,0.446100473403931,"{'alpha': 0.5531881229604816, 'coef0': 5.218498945513934, 'degree': 3, 'kernel': 'poly'}"
,,,,
0.395998148884094,0.395961007530144,329,0.405093669891357,"{'alpha': 0.4643567428173935, 'coef0': 2.6618290210158744, 'degree': 4, 'kernel': 'sigmoid'}"
,,,,
0.973289559028049,0.44927465417086,330,0.330764532089233,"{'alpha': 0.5185987619555414, 'coef0': 8.757929903649336, 'degree': 1, 'kernel': 'rbf'}"
,,,,
0.115735133631766,0.084837287883093,331,0.240063190460205,"{'alpha': 0.7023165727381347, 'coef0': 6.4949938668187475, 'degree': 2, 'kernel': 'poly'}"
,,,,
0.396098024049617,0.396006303179626,332,0.230057001113892,"{'alpha': 0.8700861093703494, 'coef0': 5.770823311866597, 'degree': 0, 'kernel': 'poly'}"
,,,,
0.210873200932116,0.000324721908022,333,0.500988721847534,"{'alpha': 0.7795972133737221, 'coef0': 2.379270861265961, 'degree': 6, 'kernel': 'polynomial'}"
,,,,
0.189208828669927,0.143012969798022,334,1.53641533851624,"{'alpha': 0.8028510214473081, 'coef0': 6.079402040917498, 'degree': 3, 'kernel': 'laplacian'}"
,,,,
0.115523561516312,0.086534258795192,335,0.229052066802978,"{'alpha': 0.8469618393531961, 'coef0': 4.393070059430643, 'degree': 2, 'kernel': 'poly'}"
,,,,
0.24095407617172,0.218660502880307,336,0.230051279067993,"{'alpha': 0.9282470801153988, 'coef0': 4.355964580698678, 'degree': 1, 'kernel': 'cosine'}"
,,,,
0.131264917007245,0.047900843322299,337,0.44010066986084,"{'alpha': 0.9058444754198252, 'coef0': 3.398800014878747, 'degree': 3, 'kernel': 'poly'}"
,,,,
0.115646162307018,0.086825013315713,338,0.233052015304565,"{'alpha': 0.863284796757354, 'coef0': 3.655357423901356, 'degree': 2, 'kernel': 'polynomial'}"
,,,,
0.118252026699264,0.096015598802737,339,0.22105073928833,"{'alpha': 0.9593317065358837, 'coef0': 2.8342178958611823, 'degree': 4, 'kernel': 'linear'}"
,,,,
0.123465789304126,0.092021938208251,340,5.24818181991577,"{'alpha': 0.8452253070312618, 'coef0': 3.6960049842809815, 'degree': 0, 'kernel': 'additive_chi2'}"
,,,,
0.17214464083356,0.001361544216653,341,0.472115755081177,"{'alpha': 0.9413272307863767, 'coef0': 3.9985302561614238, 'degree': 5, 'kernel': 'poly'}"
,,,,
0.396116061331958,0.39601892151548,342,0.416826009750366,"{'alpha': 0.9117945474180232, 'coef0': 1.5124730118619794, 'degree': 1, 'kernel': 'sigmoid'}"
,,,,
0.115693062998984,0.087803772261297,343,0.29194188117981,"{'alpha': 0.9756952156741967, 'coef0': 3.552740487257023, 'degree': 2, 'kernel': 'polynomial'}"
,,,,
0.13850081191077,0.125358929106909,344,0.277062177658081,"{'alpha': 0.8910756916690927, 'coef0': 1.8921699646574517, 'degree': 1, 'kernel': 'polynomial'}"
,,,,
0.230856673637254,4.09781010734906E-05,345,0.473527908325195,"{'alpha': 0.9759685751773698, 'coef0': 2.9865394319857854, 'degree': 7, 'kernel': 'polynomial'}"
,,,,
0.131615797236108,0.047415723892945,346,0.452101469039917,"{'alpha': 0.8649362686642054, 'coef0': 3.2800827936084893, 'degree': 3, 'kernel': 'polynomial'}"
,,,,
0.116998891311169,0.087704200927013,347,0.233051538467407,"{'alpha': 0.8794669195960321, 'coef0': 1.7095692124538124, 'degree': 2, 'kernel': 'polynomial'}"
,,,,
0.396117511282354,0.396015224646232,348,0.234053611755371,"{'alpha': 0.9278396855673445, 'coef0': 2.115519781445321, 'degree': 0, 'kernel': 'polynomial'}"
,,,,
0.131968338507526,0.047648712061528,349,0.453103065490723,"{'alpha': 0.8314829220529852, 'coef0': 2.524388977050373, 'degree': 3, 'kernel': 'polynomial'}"
,,,,
0.118171149872502,0.08898122535802,350,0.239052772521973,"{'alpha': 0.9702373843493088, 'coef0': 1.1965424187470233, 'degree': 2, 'kernel': 'polynomial'}"
,,,,
0.159800643541551,0.012481175060327,351,0.466103792190552,"{'alpha': 0.9923135560524788, 'coef0': 3.1317068628706592, 'degree': 4, 'kernel': 'polynomial'}"
,,,,
0.13848787428991,0.126104606328207,352,0.246055841445923,"{'alpha': 0.9549303135995307, 'coef0': 3.6043320840023805, 'degree': 1, 'kernel': 'polynomial'}"
,,,,
0.116424089949989,0.087777895425421,353,0.26205849647522,"{'alpha': 0.919161041951133, 'coef0': 2.2409476543986333, 'degree': 2, 'kernel': 'polynomial'}"
,,,,
0.160642199371642,0.012046315646944,354,0.456103801727295,"{'alpha': 0.8980844698099412, 'coef0': 2.8579473195099974, 'degree': 4, 'kernel': 'polynomial'}"
,,,,
0.130984453322714,0.04831108819045,355,0.454102277755737,"{'alpha': 0.9388146812346756, 'coef0': 3.453360219510884, 'degree': 3, 'kernel': 'polynomial'}"
,,,,
0.116023069355251,0.086726080512709,356,0.231052160263062,"{'alpha': 0.8249904993843908, 'coef0': 2.686205819954468, 'degree': 2, 'kernel': 'polynomial'}"
,,,,
0.137427758573757,0.12505511430393,357,0.22905158996582,"{'alpha': 0.8919199890424772, 'coef0': 3.8253296046818157, 'degree': 1, 'kernel': 'polynomial'}"
,,,,
0.396093595476831,0.39600427347834,358,0.23305082321167,"{'alpha': 0.8564042807821217, 'coef0': 4.587968746043497, 'degree': 0, 'kernel': 'polynomial'}"
,,,,
1.06236423121114,0.582959084821316,359,0.30906867980957,"{'alpha': 0.8458501723190637, 'coef0': 0.9041554937756104, 'degree': 1, 'kernel': 'rbf'}"
,,,,
0.199668233374419,0.152996582372095,360,1.51615905761719,"{'alpha': 0.9769722786894903, 'coef0': 4.131108539950916, 'degree': 2, 'kernel': 'laplacian'}"
,,,,
0.131093239853781,0.050515846393839,361,0.452102184295654,"{'alpha': 0.9958100994832013, 'coef0': 2.0655274628246554, 'degree': 3, 'kernel': 'polynomial'}"
,,,,
0.118653262866407,0.095941747329044,362,0.208046913146973,"{'alpha': 0.8220789190212859, 'coef0': 2.391643127562043, 'degree': 5, 'kernel': 'linear'}"
,,,,
0.23851025083301,0.216294717583489,363,0.219049453735352,"{'alpha': 0.8796815462958718, 'coef0': 3.194999218858986, 'degree': 4, 'kernel': 'cosine'}"
,,,,
0.123629981022838,0.091926090176108,364,5.20017147064209,"{'alpha': 0.7950960662626438, 'coef0': 3.951087726422714, 'degree': 10, 'kernel': 'additive_chi2'}"
,,,,
0.11552540262538,0.087165089027133,365,0.22705078125,"{'alpha': 0.9154269000226619, 'coef0': 4.209123717601573, 'degree': 2, 'kernel': 'polynomial'}"
,,,,
0.17999391206089,0.000240895221553,366,0.43709921836853,"{'alpha': 0.90860680019775, 'coef0': 4.767382694311747, 'degree': 6, 'kernel': 'polynomial'}"
,,,,
0.396143145016885,0.396026939208459,367,0.231051921844482,"{'alpha': 0.9986258076446318, 'coef0': 4.342271311560649, 'degree': 0, 'kernel': 'polynomial'}"
,,,,
0.115626441283054,0.087494756278844,368,0.228052616119385,"{'alpha': 0.9432549948878066, 'coef0': 3.741907762431654, 'degree': 2, 'kernel': 'polynomial'}"
,,,,
0.130935533878229,0.048327512797256,369,0.44710111618042,"{'alpha': 0.9540348343714754, 'coef0': 3.662326471703798, 'degree': 3, 'kernel': 'polynomial'}"
,,,,
0.13817673577566,0.125601062765551,370,0.237053632736206,"{'alpha': 0.9214311785777162, 'coef0': 3.006428740418219, 'degree': 1, 'kernel': 'polynomial'}"
,,,,
0.131303029030195,0.047767042817064,371,0.462104320526123,"{'alpha': 0.9471194650937638, 'coef0': 4.194871316482512, 'degree': 3, 'kernel': 'polynomial'}"
,,,,
0.117726876506588,0.088840807916682,372,0.258057117462158,"{'alpha': 0.9767166519085594, 'coef0': 1.3985649779992135, 'degree': 2, 'kernel': 'polynomial'}"
,,,,
0.39611890527699,0.396015862266036,373,0.264060258865356,"{'alpha': 0.9318306036248744, 'coef0': 3.8140423722555434, 'degree': 0, 'kernel': 'polynomial'}"
,,,,
0.138675604290431,0.126269894435575,374,0.242053508758545,"{'alpha': 0.9647616464369084, 'coef0': 3.4998514608682054, 'degree': 1, 'kernel': 'polynomial'}"
,,,,
0.131462419506743,0.048325270630868,375,0.466105222702026,"{'alpha': 0.8821711665800601, 'coef0': 2.6128540523084522, 'degree': 3, 'kernel': 'polynomial'}"
,,,,
0.205232268436423,2.9839604405442E-05,376,0.500112056732178,"{'alpha': 0.9977677811922547, 'coef0': 3.9979937253649713, 'degree': 7, 'kernel': 'polynomial'}"
,,,,
0.115966180343218,0.086901124264784,377,0.275062084197998,"{'alpha': 0.8471460329442432, 'coef0': 2.802210202185222, 'degree': 2, 'kernel': 'polynomial'}"
,,,,
0.137572773193427,0.125326025081453,378,0.235052585601807,"{'alpha': 0.9077531725149294, 'coef0': 4.4984501649428505, 'degree': 1, 'kernel': 'polynomial'}"
,,,,
0.131526316275533,0.04758135198838,379,0.491111040115356,"{'alpha': 0.8726272356686535, 'coef0': 3.225133944864307, 'degree': 3, 'kernel': 'polynomial'}"
,,,,
0.159775403095794,0.012079531036396,380,0.459103107452393,"{'alpha': 0.998828599804786, 'coef0': 3.6067774690490255, 'degree': 4, 'kernel': 'polynomial'}"
,,,,
0.214244623336249,1.18495990342934E-06,381,0.493109941482544,"{'alpha': 0.9835007462746226, 'coef0': 4.8681092958547785, 'degree': 8, 'kernel': 'polynomial'}"
,,,,
0.171222243519726,0.001293226580559,382,0.452101707458496,"{'alpha': 0.9441117634028037, 'coef0': 4.48434600332735, 'degree': 5, 'kernel': 'polynomial'}"
,,,,
0.396107892605822,0.396010823028352,383,0.239053964614868,"{'alpha': 0.8998079613187911, 'coef0': 4.192615922967564, 'degree': 0, 'kernel': 'polynomial'}"
,,,,
0.137983019365052,0.125651050892935,384,0.22905158996582,"{'alpha': 0.9277312776755404, 'coef0': 3.9031464120121697, 'degree': 1, 'kernel': 'polynomial'}"
,,,,
0.116317403755939,0.088102674529612,385,0.230051040649414,"{'alpha': 0.9659004050454453, 'coef0': 2.4167296694139164, 'degree': 2, 'kernel': 'polynomial'}"
,,,,
0.160758553807874,0.011245800591781,386,0.443099498748779,"{'alpha': 0.8557253363748725, 'coef0': 3.366354365475682, 'degree': 4, 'kernel': 'polynomial'}"
,,,,
0.115510651982577,0.08609073035976,387,0.237053871154785,"{'alpha': 0.8099996516969663, 'coef0': 5.05445498845461, 'degree': 2, 'kernel': 'polynomial'}"
,,,,
0.396079588492947,0.39599784747117,388,0.249055862426758,"{'alpha': 0.8115713585669402, 'coef0': 5.005814065234777, 'degree': 0, 'kernel': 'polynomial'}"
,,,,
0.136008851602649,0.123687849193852,389,0.258058071136475,"{'alpha': 0.8120026144464267, 'coef0': 4.6590705934638335, 'degree': 1, 'kernel': 'polynomial'}"
,,,,
0.115452687167632,0.086559436813559,390,0.238053798675537,"{'alpha': 0.8666916544105466, 'coef0': 5.380717291667677, 'degree': 2, 'kernel': 'polynomial'}"
,,,,
0.13325394123355,0.045273498257449,391,0.46910572052002,"{'alpha': 0.8280675241058264, 'coef0': 5.150968535471988, 'degree': 3, 'kernel': 'polynomial'}"
,,,,
0.162886584373695,0.00942158473039,392,0.462103605270386,"{'alpha': 0.8371157081042493, 'coef0': 5.585047839049543, 'degree': 4, 'kernel': 'polynomial'}"
,,,,
0.115439941823481,0.086701830281155,393,0.22605037689209,"{'alpha': 0.8832737606396397, 'coef0': 5.385909904384447, 'degree': 2, 'kernel': 'polynomial'}"
,,,,
0.396073631714816,0.395995113963569,394,0.457102060317993,"{'alpha': 0.7917060338955688, 'coef0': 5.3123757711381625, 'degree': 3, 'kernel': 'sigmoid'}"
,,,,
0.135237318023635,0.122900044979663,395,0.242054462432861,"{'alpha': 0.7674458779193125, 'coef0': 5.056690761765418, 'degree': 1, 'kernel': 'polynomial'}"
,,,,
1.0682432920744,0.591411649312802,396,0.334076642990112,"{'alpha': 0.87003522632242, 'coef0': 5.54466858601311, 'degree': 0, 'kernel': 'rbf'}"
,,,,
0.115421563529551,0.086986254782399,397,0.259057998657227,"{'alpha': 0.9159489739849558, 'coef0': 5.31188799297853, 'degree': 2, 'kernel': 'polynomial'}"
,,,,
0.137261824325463,0.125137887686184,398,0.236052989959717,"{'alpha': 0.8922812444004445, 'coef0': 5.9613469238578665, 'degree': 1, 'kernel': 'polynomial'}"
,,,,
0.191478931839058,0.145203101115849,399,1.5242908000946,"{'alpha': 0.8395806479061992, 'coef0': 5.403167137549647, 'degree': 3, 'kernel': 'laplacian'}"
,,,,
0.118723668796513,0.095929856318032,400,0.20605206489563,"{'alpha': 0.8001231722447254, 'coef0': 4.824645726646405, 'degree': 2, 'kernel': 'linear'}"
,,,,
0.232724145479654,0.210752889335849,401,0.222054481506348,"{'alpha': 0.7735795512954009, 'coef0': 5.14632473170454, 'degree': 4, 'kernel': 'cosine'}"
,,,,
0.115416548528991,0.086874830068603,402,0.227054595947266,"{'alpha': 0.9089259454734935, 'coef0': 5.696942225460209, 'degree': 2, 'kernel': 'polynomial'}"
,,,,
0.115407993243546,0.086926288884736,403,0.232057094573975,"{'alpha': 0.9191204585463404, 'coef0': 5.940852188532528, 'degree': 2, 'kernel': 'polynomial'}"
,,,,
0.115436107072108,0.086636791816748,404,0.226053714752197,"{'alpha': 0.8879548265312865, 'coef0': 6.197828747290325, 'degree': 2, 'kernel': 'polynomial'}"
,,,,
0.1154428434748,0.086583157698267,405,0.22706127166748,"{'alpha': 0.8827250735018557, 'coef0': 6.278017709479684, 'degree': 2, 'kernel': 'polynomial'}"
,,,,
0.115383067904978,0.087189215934359,406,0.23046088218689,"{'alpha': 0.9568593307685475, 'coef0': 6.227215026392571, 'degree': 2, 'kernel': 'polynomial'}"
,,,,
0.138210452186264,0.126162510673503,407,0.251058101654053,"{'alpha': 0.9556061872379619, 'coef0': 6.051630423624479, 'degree': 1, 'kernel': 'polynomial'}"
,,,,
0.132692986637516,0.046631327362724,408,0.440909862518311,"{'alpha': 0.9998881055560717, 'coef0': 6.542242529671479, 'degree': 3, 'kernel': 'polynomial'}"
,,,,
0.137841204870105,0.12575612883686,409,0.235059261322021,"{'alpha': 0.9304967470026484, 'coef0': 5.899205419183211, 'degree': 1, 'kernel': 'polynomial'}"
,,,,
0.115430932518832,0.086755221325048,410,0.230056285858154,"{'alpha': 0.9107066115025637, 'coef0': 6.796931254436175, 'degree': 2, 'kernel': 'polynomial'}"
,,,,
0.11538835581721,0.087155428162008,411,0.225056886672974,"{'alpha': 0.9623325193990231, 'coef0': 6.854552296230839, 'degree': 2, 'kernel': 'polynomial'}"
,,,,
0.133485039633246,0.045958543275606,412,0.485147953033447,"{'alpha': 0.9981551095605588, 'coef0': 7.4801229960051145, 'degree': 3, 'kernel': 'polynomial'}"
,,,,
0.11542703782491,0.086784722648789,413,0.226055145263672,"{'alpha': 0.9140694414801563, 'coef0': 6.776966230814381, 'degree': 2, 'kernel': 'polynomial'}"
,,,,
0.133720992936651,0.045566871996115,414,0.440105438232422,"{'alpha': 0.9588383195338379, 'coef0': 7.307892399585819, 'degree': 3, 'kernel': 'polynomial'}"
,,,,
0.138466476272898,0.126480987471382,415,0.227065324783325,"{'alpha': 0.9732417868350038, 'coef0': 6.83768045988449, 'degree': 1, 'kernel': 'polynomial'}"
,,,,
0.115453801105706,0.08687044554622,416,0.22805380821228,"{'alpha': 0.9412645465044447, 'coef0': 8.004551018696334, 'degree': 2, 'kernel': 'polynomial'}"
,,,,
0.133759053156269,0.045674559870429,417,0.437106847763061,"{'alpha': 0.9863902105102494, 'coef0': 7.680598592750474, 'degree': 3, 'kernel': 'polynomial'}"
,,,,
0.115423804419521,0.086780720248545,418,0.224057912826538,"{'alpha': 0.9105330819927888, 'coef0': 6.560853347123482, 'degree': 2, 'kernel': 'polynomial'}"
,,,,
0.138842758624818,0.126895712272512,419,0.228946685791016,"{'alpha': 0.9996152051219418, 'coef0': 7.053490931103755, 'degree': 1, 'kernel': 'polynomial'}"
,,,,
0.132700179500201,0.046240087003149,420,0.444116115570068,"{'alpha': 0.9211072676328586, 'coef0': 5.656107779954686, 'degree': 3, 'kernel': 'polynomial'}"
,,,,
0.133239159282384,0.045907501608416,421,0.463114976882935,"{'alpha': 0.9472302945827232, 'coef0': 6.595010871815284, 'degree': 3, 'kernel': 'polynomial'}"
,,,,
0.138851102281375,0.126837385923294,422,0.226057052612305,"{'alpha': 0.999823728403318, 'coef0': 5.903984667197128, 'degree': 1, 'kernel': 'polynomial'}"
,,,,
0.115380288795852,0.087216566399062,423,0.226925611495972,"{'alpha': 0.9619592872595915, 'coef0': 6.322935453998355, 'degree': 2, 'kernel': 'polynomial'}"
,,,,
0.138481849497106,0.126463229157129,424,0.226054191589355,"{'alpha': 0.9744107370073122, 'coef0': 6.1993527223130895, 'degree': 1, 'kernel': 'polynomial'}"
,,,,
0.124826910355114,0.06482547057607,425,0.237055778503418,"{'alpha': 0.08087373809819831, 'coef0': 7.23531754279349, 'degree': 2, 'kernel': 'polynomial'}"
,,,,
0.132973843793349,0.046217722675134,426,0.472121000289917,"{'alpha': 0.9642937340326788, 'coef0': 6.4774807270983406, 'degree': 3, 'kernel': 'polynomial'}"
,,,,
0.137913204149642,0.125818428819548,427,0.249557256698608,"{'alpha': 0.9350587855054037, 'coef0': 5.6976820321533355, 'degree': 1, 'kernel': 'polynomial'}"
,,,,
0.115426817328472,0.086730730436379,428,0.266576051712036,"{'alpha': 0.9012841694506695, 'coef0': 6.3406951938486005, 'degree': 2, 'kernel': 'polynomial'}"
,,,,
0.396094204726117,0.396004552763004,429,0.228279590606689,"{'alpha': 0.8582997984828078, 'coef0': 7.474180397475875, 'degree': 0, 'kernel': 'polynomial'}"
,,,,
0.127831728394305,0.089608379545866,430,5.15916085243225,"{'alpha': 0.13795237962468593, 'coef0': 6.0114928517954915, 'degree': 1, 'kernel': 'additive_chi2'}"
,,,,
0.115431612059276,0.086975573468401,431,0.248055219650268,"{'alpha': 0.9520205248747894, 'coef0': 7.782828181704472, 'degree': 2, 'kernel': 'polynomial'}"
,,,,
0.133194216459935,0.046128340849384,432,0.47310733795166,"{'alpha': 0.9836055595892079, 'coef0': 6.960322744861899, 'degree': 3, 'kernel': 'polynomial'}"
,,,,
0.396143625805952,0.396027158781806,433,0.437098741531372,"{'alpha': 0.9999044575031064, 'coef0': 7.161687408081043, 'degree': 2, 'kernel': 'sigmoid'}"
,,,,
0.213219056017484,3.030017168008E-08,434,0.511115312576294,"{'alpha': 0.8984473868795079, 'coef0': 6.2827741965841595, 'degree': 9, 'kernel': 'polynomial'}"
,,,,
1.0828242831018,0.612190139346611,435,0.330074548721313,"{'alpha': 0.9314204732422687, 'coef0': 5.655272684598729, 'degree': 3, 'kernel': 'rbf'}"
,,,,
0.138273574535103,0.126213142939894,436,0.230050802230835,"{'alpha': 0.9596241204461752, 'coef0': 5.8151020841281325, 'degree': 1, 'kernel': 'polynomial'}"
,,,,
0.115463666580863,0.086479571888838,437,0.227051258087158,"{'alpha': 0.8763731271615443, 'coef0': 6.714697392207404, 'degree': 2, 'kernel': 'polynomial'}"
,,,,
0.118565186536638,0.095957047875447,438,0.207046985626221,"{'alpha': 0.8503876464814738, 'coef0': 6.899197087041095, 'degree': 3, 'kernel': 'linear'}"
,,,,
0.196586732147565,0.150082243505778,439,1.51734209060669,"{'alpha': 0.9243759982015075, 'coef0': 8.191246518813967, 'degree': 1, 'kernel': 'laplacian'}"
,,,,
0.396085158872886,0.396000404216321,440,0.222050189971924,"{'alpha': 0.8296988903711054, 'coef0': 6.085542936587565, 'degree': 0, 'kernel': 'polynomial'}"
,,,,
0.115368948004875,0.087357737104558,441,0.225050449371338,"{'alpha': 0.9813351184821618, 'coef0': 6.373971377335225, 'degree': 2, 'kernel': 'polynomial'}"
,,,,
0.243601326184411,0.221239152438372,442,0.221050024032593,"{'alpha': 0.9835930688688144, 'coef0': 7.625104106142485, 'degree': 4, 'kernel': 'cosine'}"
,,,,
0.123017080498909,0.092293455072355,443,5.16916370391846,"{'alpha': 0.9984689389299782, 'coef0': 6.43231509488452, 'degree': 3, 'kernel': 'additive_chi2'}"
,,,,
0.11540368105487,0.087105324484205,444,0.223050594329834,"{'alpha': 0.9633566534538556, 'coef0': 7.371648541601006, 'degree': 2, 'kernel': 'polynomial'}"
,,,,
0.115444381629043,0.087046473288197,445,0.223050117492676,"{'alpha': 0.9693206072166253, 'coef0': 8.384209724845283, 'degree': 2, 'kernel': 'polynomial'}"
,,,,
0.396121910674895,0.396017236715646,446,0.367082595825195,"{'alpha': 0.9403759033238561, 'coef0': 8.556703353021991, 'degree': 0, 'kernel': 'sigmoid'}"
,,,,
0.138847126282748,0.126927499362535,447,0.22605037689209,"{'alpha': 0.9985682748290063, 'coef0': 7.87220284809853, 'degree': 1, 'kernel': 'polynomial'}"
,,,,
1.08925132242899,0.621266610800189,448,0.304068803787231,"{'alpha': 0.9591152178854075, 'coef0': 8.145437392040801, 'degree': 0, 'kernel': 'rbf'}"
,,,,
0.138590279137429,0.126634649126157,449,0.231053113937378,"{'alpha': 0.9812756946493987, 'coef0': 7.355635055185078, 'degree': 1, 'kernel': 'polynomial'}"
,,,,
0.134631693595266,0.044460557665249,450,0.461103439331055,"{'alpha': 0.8900135208837514, 'coef0': 7.555471962201036, 'degree': 3, 'kernel': 'polynomial'}"
,,,,
0.122098736833735,0.095583850784896,451,0.214048147201538,"{'alpha': 0.18219957835492429, 'coef0': 8.868318327252119, 'degree': 2, 'kernel': 'linear'}"
,,,,
0.197975738988284,0.151398440350828,452,1.51934123039246,"{'alpha': 0.9479500115684358, 'coef0': 7.892939412980445, 'degree': 3, 'kernel': 'laplacian'}"
,,,,
0.115492901510919,0.086388441723728,453,0.229051351547241,"{'alpha': 0.8720234855043225, 'coef0': 7.224938032560924, 'degree': 2, 'kernel': 'polynomial'}"
,,,,
0.189261072290447,0.171533299692031,454,0.220049142837524,"{'alpha': 0.25140792071550966, 'coef0': 7.027895583948178, 'degree': 4, 'kernel': 'cosine'}"
,,,,
0.1388718020569,0.126958259448755,455,0.22504997253418,"{'alpha': 0.9999618951323194, 'coef0': 8.03952183682173, 'degree': 1, 'kernel': 'polynomial'}"
,,,,
0.123196723447433,0.092182844352811,456,5.07614254951477,"{'alpha': 0.934035858219203, 'coef0': 6.74892242179193, 'degree': 2, 'kernel': 'additive_chi2'}"
,,,,
0.133618435334855,0.045751961015201,457,0.436097621917725,"{'alpha': 0.9787175791771272, 'coef0': 7.417714195019851, 'degree': 3, 'kernel': 'polynomial'}"
,,,,
0.396129584135791,0.396020744572057,458,0.224050045013428,"{'alpha': 0.9618419431248995, 'coef0': 7.659909126239317, 'degree': 0, 'kernel': 'polynomial'}"
,,,,
0.396085445829132,0.396000535884986,459,0.377084732055664,"{'alpha': 0.8306217054195999, 'coef0': 8.560092455287817, 'degree': 1, 'kernel': 'sigmoid'}"
,,,,
0.11544889043913,0.086579404754673,460,0.233052015304565,"{'alpha': 0.8871185794080165, 'coef0': 6.630906419824451, 'degree': 2, 'kernel': 'polynomial'}"
,,,,
0.138836122686353,0.126889595499112,461,0.24005389213562,"{'alpha': 0.9991152451082316, 'coef0': 7.078452022460805, 'degree': 1, 'kernel': 'polynomial'}"
,,,,
0.135617404775658,0.043504558309656,462,0.474107980728149,"{'alpha': 0.8596384419258366, 'coef0': 8.358179130521144, 'degree': 3, 'kernel': 'polynomial'}"
,,,,
1.08410542292559,0.614003381915691,463,0.333075523376465,"{'alpha': 0.9369098448692063, 'coef0': 6.396545643680669, 'degree': 2, 'kernel': 'rbf'}"
,,,,
0.195146305073324,0.148712706612858,464,1.56835293769836,"{'alpha': 0.9001617754869106, 'coef0': 9.064599238663169, 'degree': 4, 'kernel': 'laplacian'}"
,,,,
0.118360467445893,0.095994552931842,465,0.246054410934448,"{'alpha': 0.9200583317084073, 'coef0': 6.930271774210423, 'degree': 2, 'kernel': 'linear'}"
,,,,
0.138598728224168,0.12658273721636,466,0.310075283050537,"{'alpha': 0.9824675742070226, 'coef0': 6.11208754024626, 'degree': 1, 'kernel': 'polynomial'}"
,,,,
0.235059995820729,0.212979811125288,467,0.282065868377686,"{'alpha': 0.8149785070239847, 'coef0': 7.320613959986315, 'degree': 3, 'kernel': 'cosine'}"
,,,,
0.395959954955715,0.395941221744671,468,0.278062343597412,"{'alpha': 0.01173438576257474, 'coef0': 7.731550687425301, 'degree': 0, 'kernel': 'polynomial'}"
,,,,
0.12311802351733,0.092230955522253,469,5.20017170906067,"{'alpha': 0.9617233962601905, 'coef0': 6.651794371378974, 'degree': 6, 'kernel': 'additive_chi2'}"
,,,,
0.133993320629435,0.044741734612728,470,0.443099021911621,"{'alpha': 0.8476055864175593, 'coef0': 6.2571809161005385, 'degree': 3, 'kernel': 'polynomial'}"
,,,,
0.127347661784963,0.060632802994325,471,0.231051921844482,"{'alpha': 0.055420838699589414, 'coef0': 7.112422702074508, 'degree': 2, 'kernel': 'polynomial'}"
,,,,
0.396099271061438,0.396006874562622,472,0.385087013244629,"{'alpha': 0.8738990054154434, 'coef0': 7.866000265183374, 'degree': 4, 'kernel': 'sigmoid'}"
,,,,
0.171924295165661,0.000890123738232,473,0.442100763320923,"{'alpha': 0.9442510828648308, 'coef0': 8.721298955644077, 'degree': 5, 'kernel': 'polynomial'}"
,,,,
1.07638723497058,0.603049329916808,474,0.31607174873352,"{'alpha': 0.9040738700253841, 'coef0': 8.056619966770189, 'degree': 1, 'kernel': 'rbf'}"
,,,,
0.115397254181767,0.087203583216892,475,0.232051849365234,"{'alpha': 0.978987060326088, 'coef0': 7.550790779746903, 'degree': 2, 'kernel': 'polynomial'}"
,,,,
0.396135786318027,0.396023578440908,476,0.229051828384399,"{'alpha': 0.9788406429758906, 'coef0': 8.155805090670693, 'degree': 0, 'kernel': 'polynomial'}"
,,,,
0.198518577712904,0.151911677806154,477,1.52134394645691,"{'alpha': 0.9572228068861193, 'coef0': 8.353391684203045, 'degree': 3, 'kernel': 'laplacian'}"
,,,,
0.123730270874098,0.067366415620818,478,0.23105263710022,"{'alpha': 0.10315377754949806, 'coef0': 8.844215544721003, 'degree': 2, 'kernel': 'polynomial'}"
,,,,
0.118728842144404,0.095928994171342,479,0.227050065994263,"{'alpha': 0.7985327986076634, 'coef0': 9.52109866649693, 'degree': 1, 'kernel': 'linear'}"
,,,,
0.115380628028442,0.087357939552193,480,0.233053207397461,"{'alpha': 0.9998490133225313, 'coef0': 7.544530609583188, 'degree': 2, 'kernel': 'polynomial'}"
,,,,
0.243605596169827,0.221243324726938,481,0.227051973342895,"{'alpha': 0.9836847344533953, 'coef0': 9.286675351539824, 'degree': 3, 'kernel': 'cosine'}"
,,,,
0.123217641716969,0.09217014212072,482,5.3317277431488,"{'alpha': 0.9268128218512152, 'coef0': 7.803401716561545, 'degree': 4, 'kernel': 'additive_chi2'}"
,,,,
0.138887068399232,0.126985348396071,483,0.235053062438965,"{'alpha': 0.999648604142929, 'coef0': 8.587558648021743, 'degree': 1, 'kernel': 'polynomial'}"
,,,,
0.115364009084351,0.087424927715339,484,0.228557109832764,"{'alpha': 0.9984705214998478, 'coef0': 6.866932354012062, 'degree': 2, 'kernel': 'polynomial'}"
,,,,
0.132947237593664,0.046409090142147,485,0.443109035491943,"{'alpha': 0.9985459963233521, 'coef0': 6.831888329754306, 'degree': 3, 'kernel': 'polynomial'}"
,,,,
0.396105161934949,0.396009572838653,486,0.379093170166016,"{'alpha': 0.8916852412465337, 'coef0': 7.115415507823797, 'degree': 1, 'kernel': 'sigmoid'}"
,,,,
0.396143339824829,0.39602702815689,487,0.227056741714478,"{'alpha': 0.9991441468617254, 'coef0': 7.548353710820896, 'degree': 0, 'kernel': 'polynomial'}"
,,,,
0.119135975607564,0.07536630323386,488,0.228053331375122,"{'alpha': 0.22740320791418434, 'coef0': 6.571103124486261, 'degree': 2, 'kernel': 'polynomial'}"
,,,,
1.08434381442522,0.614340566654097,489,0.312077522277832,"{'alpha': 0.9379330066263296, 'coef0': 6.8504145302864, 'degree': 0, 'kernel': 'rbf'}"
,,,,
0.19247441462922,0.146159127657926,490,1.52318024635315,"{'alpha': 0.8558730985525388, 'coef0': 7.227523971601601, 'degree': 3, 'kernel': 'laplacian'}"
,,,,
0.115387467064646,0.087131023835754,491,0.233052492141724,"{'alpha': 0.9527303498621044, 'coef0': 6.4373810807808205, 'degree': 2, 'kernel': 'polynomial'}"
,,,,
0.118619880542628,0.095947489909509,492,0.215049982070923,"{'alpha': 0.8326960749630254, 'coef0': 6.246647981184427, 'degree': 1, 'kernel': 'linear'}"
,,,,
0.238231488089459,0.216025782074156,493,0.255056381225586,"{'alpha': 0.8742895438778714, 'coef0': 6.0796475270538295, 'degree': 3, 'kernel': 'cosine'}"
,,,,
0.163593193311705,0.009283387753504,494,0.445098876953125,"{'alpha': 0.9053808979584572, 'coef0': 6.521102349829471, 'degree': 4, 'kernel': 'polynomial'}"
,,,,
0.123215249842268,0.092171592773535,495,5.16216230392456,"{'alpha': 0.9276358868929505, 'coef0': 5.8439866794871325, 'degree': 2, 'kernel': 'additive_chi2'}"
,,,,
0.170803221885121,0.000988244351919,496,0.491110563278198,"{'alpha': 0.7858436962702212, 'coef0': 6.304979224417177, 'degree': 5, 'kernel': 'polynomial'}"
,,,,
0.138000247400867,0.125898494733879,497,0.244055271148682,"{'alpha': 0.9405718091152114, 'coef0': 5.539663853443916, 'degree': 1, 'kernel': 'polynomial'}"
,,,,
0.173437839008461,0.001112335472634,498,0.455103874206543,"{'alpha': 0.03453304205016883, 'coef0': 6.65708835076975, 'degree': 4, 'kernel': 'polynomial'}"
,,,,
0.396143610539611,0.396027151767401,499,0.378085613250732,"{'alpha': 0.9998639882620097, 'coef0': 8.287831852692895, 'degree': 2, 'kernel': 'sigmoid'}"
,,,,
0.133690801986543,0.045663294257249,500,0.501112699508667,"{'alpha': 0.9729350394559781, 'coef0': 7.438107131861106, 'degree': 3, 'kernel': 'polynomial'}"
,,,,
,,,,
,,,,
,,,,
0.115364009084351,,,,
